тип,что,почему,предложение,решение,обоснование,уверенность,статус
"слито, значения расходятся",bagchada-guller «Цветы в саду» | zaxchada-guller «Цветы в саду»,одно написание — слито автоматически,проверить: одно понятие или омонимы,merge → bagchada-guller,"Обе записи — один и тот же ковёр «Бағчада гюлляр» (Цветы в саду); «Zakhchada» — опечатка английского издания. [сверка: zaxçada güllər → book_reading bağçada güllər (wrong_name); Керимов т. II рус., с. 48: «в Шуше—«Бахчада гюлляр» (Цветы в саду)»]",high,"решено ИИ, ждёт подтверждения"
омоним?,bala-hashiye «bala haşiyə» «малая кайма» | bala-hashiye-2 «bala haşiyə» «Малая кайма» | balaxashi «balaxaşı» «a small border»,"по сверке все читаются как «balahaşiyə», но значения расходятся",слить или оставить разными понятиями,merge → bala-hashiye,"Все три записи по книге — одно слово «бала һашијә», и перевод везде один: «малая кайма». [сверка: все записи book_reading bala haşiyə / balahaşiyə; kerimov_translation: «малая кайма» / «a small border»]",high,"решено ИИ, ждёт подтверждения"
"слито, значения расходятся",batiqat «—» | batiqtag «—»,одно написание — слито автоматически,проверить: одно понятие или омонимы,merge → batiqtag,Обе записи по книге читаются «батыг таг»; переводы Керимова «вогнутая арка» и «арки с углублением» — одно и то же. [сверка: batıqat → book_reading batıq tağ (wrong_name); kerimov_translation: «вогнутая арка» / «украшенные арки с углублением»],high,"решено ИИ, ждёт подтверждения"
"слито, значения расходятся",bashliq «заголовок» | bashliq-2 «железный наконечник» | bashliq-or-qubpa «Головной убор или Кубпа»,одно написание — слито автоматически,проверить: одно понятие или омонимы,merge → bashliq,"«Навершие секиры» и «железный наконечник» — один элемент «башлыг»; композиция «Башлыг или Губпа» — тот же мотив. Губпа по Керимову — разновидность башлыга, это связь, а не повод делить. [сверка: все записи book_reading başlıq; схема t27_f11 «Башлыг» — «Железный наконечник»; Керимов т. II рус., с. 87: «губпа ... представляются нам как разновидности башлыга»]",medium,"решено ИИ, ждёт подтверждения"
омоним?,balqabaq «balqabaq» «Тыква» | borani «boranı» «Растение»,"по сверке все читаются как «boranı», но значения расходятся",слить или оставить разными понятиями,merge → borani,"Обе записи по книге — «бораны»; в таблице 88 рис. 4 «Бораны» переведено как «Тыква». Перевод «Растение» — ошибка. [сверка: balqabaq → book_reading boranı (wrong_name); схема t88_f04 «Бораны», в столбце перевода — «Тыква»]",high,"решено ИИ, ждёт подтверждения"
омоним?,budaq «budaq» «Ветка» | budaqciq «budaqcıq» «Веточка»,"по сверке все читаются как «budaq», но значения расходятся",слить или оставить разными понятиями,merge → budaq,"«Веточка» — тот же «будаг»: в табл. 76 рис. 1 Керимов сам переводит «Будаг» как «Веточка». [сверка: budaqcıq → book_reading budaq (wrong_name); схема t76_f01 «Будаг» — «Веточка»; t75_f02, t82 — «Ветка»]",high,"решено ИИ, ждёт подтверждения"
"слито, значения расходятся",bulud «облако» | bulud-2 «Облако»,одно написание — слито автоматически,проверить: одно понятие или омонимы,merge → bulud,"Обе записи — «булут» (облако). Пометка «дуб» в переводе первой записи, видимо, ошибочно взята с соседнего элемента; её надо проверить в т. I, с. 042. [сверка: обе записи book_reading bulud; Керимов т. II рус., с. 31: «Булут» (облако); kerimov_translation записи bulud: «дуб (Палыд демәкдир)» — подозрительно, т. I с. 042]",medium,"решено ИИ, ждёт подтверждения"
"слито, значения расходятся","burma «крученый, витой» | burma-2 «завиток»",одно написание — слито автоматически,проверить: одно понятие или омонимы,merge → burma,"«Бурма» — «крученый, завиток»; схема прямо переводит «Бурма» как «Завиток». [сверка: обе записи book_reading burma; схема t134_f05 «Бурма» — «Завиток»]",high,"решено ИИ, ждёт подтверждения"
омоним?,burmahoruk «burmahörük» «витая коса/плетенка» | qivrim-horguler «qıvrım hörgülər» «Кудрявые косы»,"по сверке все читаются как «burmahörük», но значения расходятся",слить или оставить разными понятиями,merge → burmahoruk,"«Кудрявые косы» — это перевод того же слова «бурмаһөрүк», а «qıvrım hörgülər» придумано сайтом. [сверка: qıvrım hörgülər → book_reading burmahörük (wrong_name), kt «Кудрявые косы»]",high,"решено ИИ, ждёт подтверждения"
омоним?,ceyran «ceyran» «Джейран (газель)» | serna «serna» «Серна»,"по сверке все читаются как «ceyran», но значения расходятся",слить или оставить разными понятиями,merge → ceyran,"«Серна» — перевод Керимова для «Джейран»; это одна фигура. [сверка: serna → book_reading ceyran (wrong_name); схемы t19_f01, t19_f02 «Джейран» — «Серна»]",high,"решено ИИ, ждёт подтверждения"
"слито, значения расходятся",cutbuynuz «парный рог» | cutbuynuz-2 «Рога»,одно написание — слито автоматически,проверить: одно понятие или омонимы,merge → cutbuynuz,«Парный рог» и «Рога» — один элемент «джутбуйнуз». [сверка: обе записи book_reading cütbuynuz; схема t51_f01 «Джутбуйнуз» — «Рога»],high,"решено ИИ, ждёт подтверждения"
"слито, значения расходятся","dilek «—» | dilik «Кусок, ломоть» | dishli «зубчатый»",одно написание — слито автоматически,проверить: одно понятие или омонимы,merge → dilik,"Все три записи по книге — «дилик», перевод Керимова «зубец/зубчатый». «Кусок, ломоть» — машинная ошибка. [сверка: dilək, dişli → book_reading dilik (wrong_name); kerimov_translation: «зубец», «Зубчатый»]",high,"решено ИИ, ждёт подтверждения"
омоним?,dolama «dolama» «обвивка» | qivrim «qıvrım» «Завиток»,"по сверке все читаются как «dolama», но значения расходятся",слить или оставить разными понятиями,merge → dolama,"Записи понятия «qivrim» здесь по книге в основном «долама» (завиток) — их место в «долама». Отдельное слово «гыврым» (табл. 52) остаётся своим понятием (п. 35): схему t52_f05 надо перепривязать к qivrim-2. [сверка: qivrim → book_reading dolama (wrong_name 3, ok 1); схема t51_f05 «Долама» — «Завиток»; схема t52_f05 «Гыврым» — отдельное слово книги]",medium,"решено ИИ, ждёт подтверждения"
омоним?,dolama-hashiye «dolama haşiyə» «обвивающий бордюр» | spiral-hashiye «spiral haşiyə» «Спиральная кайма»,"по сверке все читаются как «dolamahaşiyə», но значения расходятся",слить или оставить разными понятиями,merge → dolama-hashiye,«Спиральная кайма» — перевод Керимова для «долама һашијә». [сверка: spiral haşiyə → book_reading dolama haşiyə (wrong_name); схема t12_f01 «Долама хашийе» — «Спиральная кайма»],high,"решено ИИ, ждёт подтверждения"
"слито, значения расходятся",dirnaq-2 «Коготь» | dirnaqli «когтистый»,одно написание — слито автоматически,проверить: одно понятие или омонимы,merge → dirnaqli,"Все записи по книге — «дырнаглы» (коготь, когтистый, когтеобразный). Но схема t50_f04 «Гайнаг» относится к другому слову «гыйнаг» (п. 36) — её нужно перепривязать. [сверка: dırnaq, dırnaq formalı → book_reading dırnaqlı; схема t50_f06 «Дырнаглы» — «Коготь»; t50_f04 «Гайнаг» — другое слово]",medium,"решено ИИ, ждёт подтверждения"
"слито, значения расходятся",gol «озеро» | gol-2 «Озеро» | gol-3 «Озеро»,одно написание — слито автоматически,проверить: одно понятие или омонимы,merge → gol,"Все пять записей по книге — «гёль»; Керимов переводит его как «медальон» (буквально «озеро»). «Пепел» (kül) — неверное чтение. [сверка: все записи book_reading göl; схемы t113_f01, t118_f01 «Гёль» — «Медальон»]",high,"решено ИИ, ждёт подтверждения"
омоним?,xorme-islimi «xörmə islimi» «плетеный ислими» | xurma-islimi «xurma islimi» «wattled»,"по сверке все читаются как «hörməislimi», но значения расходятся",слить или оставить разными понятиями,merge → xorme-islimi,"Обе записи — «хорме ислими», который Керимов переводит как «плетёный ислими»; «финиковый» — ошибка. [сверка: обе book_reading hörmə islimi; Керимов т. II рус., с. 213: «Хорме — плетеный ислими»; с. 79: «Хорме ислими»]",high,"решено ИИ, ждёт подтверждения"
омоним?,"horuk «hörük» «Коса, плетение» | xoruk «xoruk» «сплетение» | xoruk-kosa «xoruk kosa» «коса»","по сверке все читаются как «hörük», но значения расходятся",слить или оставить разными понятиями,merge → horuk,"Все записи по книге — «хорук» (сплетение, коса); это одна кайма. [сверка: все book_reading hörük; Керимов т. II, с. 77: «хорук (сплетение)»; схема t150_f04 «Хорук» — «Коса»]",high,"решено ИИ, ждёт подтверждения"
омоним?,heshterxan-toyugu «həştərxan toyuğu» «Астраханская курица» | hind-toyugu «Hind toyuğu» «Индейка»,"по сверке все читаются как «həştərxantoyuğu», но значения расходятся",слить или оставить разными понятиями,merge → heshterxan-toyugu,"Обе записи по книге — «һәштәрхан тојуғу»; Керимов переводит это как «Индейка». «Hind toyuğu» придумано сайтом. [сверка: Hind toyuğu → book_reading həştərxan toyuğu (wrong_name), kt «Индейка»]",high,"решено ИИ, ждёт подтверждения"
"слито, значения расходятся",islimi «Ислими (стилизованный растительный орнамент)» | islmi «арабеска»,одно написание — слито автоматически,проверить: одно понятие или омонимы,merge → islimi,«islmi» — опечатка «ислими»; «арабеска» — то же понятие. [сверка: islmi → book_reading islimi (wrong_name 5)],high,"решено ИИ, ждёт подтверждения"
омоним?,kashi «kaşı» «Майолика» | qash «qaş» «майолика» | qashi-2 «Qaşı» «Глазурованный кирпич»,"по сверке все читаются как «kaşı», но значения расходятся",слить или оставить разными понятиями,merge → kashi,"Все записи по книге — кайма «кашы»; «майолика» и «глазурованный кирпич» — переводы одного слова. «Бровь» (qaş) — неверное чтение. [сверка: qaş, Qaşı → book_reading kaşı; Керимов т. II, с. 138: кайма «Кашы» или «Башир кызы»]",high,"решено ИИ, ждёт подтверждения"
омоним?,kechi-dirnagi «keçi dırnağı» «Козлиная пятка» | kechidagbani «Keçidağbanı» «след животного (һејван ләпири)»,"по сверке все читаются как «keçidabanı», но значения расходятся",слить или оставить разными понятиями,merge → kechidagbani,"Обе записи — один рисунок «кечидабаны» (табл. 19 рис. 8, «Козлиная пятка»). [сверка: keçi dırnağı → book_reading keçi dabanı; схема t19_f08 «Кечидабаны» — «Козлиная пятка» (у обоих понятий)]",high,"решено ИИ, ждёт подтверждения"
омоним?,koke «kökə» «лепешка» | kolobok «kolobok» «Колобок»,"по сверке все читаются как «kökə», но значения расходятся",слить или оставить разными понятиями,merge → koke,"«Колобок» — перевод Керимова для «көкә» (круглая лепёшка); это одно понятие. [сверка: kolobok → book_reading kökə (wrong_name), kt «Колобок»]",high,"решено ИИ, ждёт подтверждения"
омоним?,"ketebe «kətəbə» «надпись, надписной фриз» | ketebe-2 «Kətəbə» «фриз, украшенный монограммой» | kitab «kitab» «картуш (кетебе)» | uzun-medalion «uzun medalion» «Удлиненный медальон»","по сверке все читаются как «kətəbə», но значения расходятся",слить или оставить разными понятиями,merge → ketebe,"Все записи по книге — «кетебе»; Керимов сам называет кетебе продолговатым медальоном. Но схема t27_f03 «Китаб — Книга» — другое слово, её надо отвязать от кетебе. [сверка: kitab, uzun medalion → book_reading kətəbə; Керимов т. II, с. 95: «Кетебе называют медальон ... продолговатой формы»; схема t27_f03 «Китаб» — «Книга» (отдельное слово)]",medium,"решено ИИ, ждёт подтверждения"
омоним?,lale «lalə» «тюльпан» | xashxash «xaşxaş» «Мак»,"по сверке все читаются как «lalə», но значения расходятся",слить или оставить разными понятиями,merge → lale,"Керимов в таблицах переводит «Лалэ» как «Мак»; «xaşxaş» придумано сайтом. Значение надо брать из книги («мак»), а не «тюльпан». [сверка: xaşxaş → book_reading lalə (wrong_name); схемы t90_f06, t75_f10, t90_f19 «Лалэ» — «Мак»]",high,"решено ИИ, ждёт подтверждения"
омоним?,chaqa «çaqa» «декоративная арка» | lechek «ləçək» «декоративная арка» | lechekler «ləçəklər» «decorative arch»,"по сверке все читаются как «ləçək», но значения расходятся",слить или оставить разными понятиями,merge → lechek,"Все записи — «лячак», декоративная арка; «чака» — неверное чтение, «ləçəklər» — мн. число. [сверка: все book_reading ləçək; Керимов т. II, с. 79: «лячак (декоративная арка)»]",high,"решено ИИ, ждёт подтверждения"
"слито, значения расходятся",muncuq «бусы» | muncuqluq «бусины / бисер»,одно написание — слито автоматически,проверить: одно понятие или омонимы,merge → muncuq,Обе записи по книге — «мунджуг» (бусы). [сверка: muncuqluq → book_reading muncuq (wrong_name)],high,"решено ИИ, ждёт подтверждения"
"слито, значения расходятся","medahil «Кайма» | medaxili «Внутренние каймы» | medxil «вход, вступление»",одно написание — слито автоматически,проверить: одно понятие или омонимы,merge → medahil,"Все записи — кайма «медахил». Керимов поясняет, что слово значит «вступление, начало», а в ковре это внутренняя кайма. [сверка: все book_reading mədaxil; Керимов т. II, с. 125: «Медахил. Само слово это означает «прибыль», «начало», «вступление»»]",high,"решено ИИ, ждёт подтверждения"
омоним?,pishik-lepesi «pişik ləpəsi» «Лапа кошки» | pishikayagi «pişikayağı» «кошачья лапка»,"по сверке все читаются как «pişikayağı», но значения расходятся",слить или оставить разными понятиями,merge → pishikayagi,«Лапа кошки» — перевод того же «пишикајағы»; «ləpə» придумано сайтом. [сверка: pişik ləpəsi → book_reading pişik ayağı; схема t13_f04 «Пишикаагы» — «Лапа кошки»],high,"решено ИИ, ждёт подтверждения"
омоним?,el «əl» «Кисть руки» | pence «pəncə» «Лапа»,"по сверке все читаются как «pəncə», но значения расходятся",слить или оставить разными понятиями,merge → pence,"Керимов прямо пишет об элементе «Әл»: «иногда называют «пенджа», что означает кисть руки»; оба описаны как характерные для молитвенных ковриков. Это одно понятие с двумя названиями. [сверка: əl → book_reading pəncə (wrong_name 1, ok 1); схема t15_f02 «Әл»: «Иногда называют «пенджа», что в переводе означает кисть руки ... характерен для молитвенных ковриков»; т. I: «Пәнҹә» — «Намазлыг хәлчәләриндә даһа артыг раст ҝәлмәк олур»]",medium,"решено ИИ, ждёт подтверждения"
"слито, значения расходятся",pervane «Ночная бабочка» | pervane-2 «Мотылек»,одно написание — слито автоматически,проверить: одно понятие или омонимы,merge → pervane,«Ночная бабочка» и «мотылёк» — одно слово «пәрванә». [сверка: обе book_reading pərvanə; схема t26_f07 «Пәрванә» — «Ночная бабочка»],high,"решено ИИ, ждёт подтверждения"
"слито, значения расходятся",qosha «двойной» | qosha-2 «—»,одно написание — слито автоматически,проверить: одно понятие или омонимы,merge → qosha,"«Гоша» — «двойной/парный», одно слово. [сверка: обе book_reading qoşa; схема t16_f07 «Гоша» — «Парный»]",high,"решено ИИ, ждёт подтверждения"
"слито, значения расходятся",qosha-su «двойная вода» | qoshasu «—»,одно написание — слито автоматически,проверить: одно понятие или омонимы,merge → qosha-su,«Гошасу» — одна кайма; Керимов переводит «Парные линии» (буквально «двойная вода»). [сверка: обе book_reading qoşasu; схема t133_f05 «Гошасу» — «Парные линии»],high,"решено ИИ, ждёт подтверждения"
омоним?,dodaq «dodaq» «губа» | qubba «qubba» «губпа» | qubba-2 «qubba» «небольшой медальон» | qubba-3 «qubba» «—»,"по сверке все читаются как «qubba», но значения расходятся",слить или оставить разными понятиями,merge → qubba,"Все записи по книге — «губба/губпа»; «губа» (dodaq) — ошибка перевода похожего русского слова. По Керимову губпа = купол, поэтому стоит проверить слияние и с понятием qubbe (п. 194). [сверка: dodaq → book_reading qubba (wrong_name); Керимов т. II, с. 79: «губпа (купол)»; с. 87: «круглые и продолговатые губпа»]",high,"решено ИИ, ждёт подтверждения"
"слито, значения расходятся",qubba «—» | qubba-2 «—» | qubba-3 «—»,одно написание — слито автоматически,проверить: одно понятие или омонимы,merge → qubba,"Три записи — одно слово «губпа» (разные OCR-написания губба/губна/губпа); «небольшой медальон» соответствует описанию Керимова. [сверка: все book_reading qubba; Керимов т. II, с. 87: «Круглые и продолговатые губпа»]",high,"решено ИИ, ждёт подтверждения"
омоним?,qivrim-2 «qıvrım» «завиток» | sarmashiq «sarmaşıq» «вьющийся»,"по сверке все читаются как «qıvrım», но значения расходятся",слить или оставить разными понятиями,merge → qivrim-2,"«Вьющийся» — перевод Керимова для «гыврым»; «sarmaşıq» придумано сайтом. [сверка: sarmaşıq → book_reading qıvrım (wrong_name), kt «вьющийся»; схемы t52_f05 и др. «Гыврым» — «Завиток»]",high,"решено ИИ, ждёт подтверждения"
омоним?,qaynagi «qaynağı» «Коготь» | qaynaq «qaynaq» «источник»,"по сверке все читаются как «qıynaq», но значения расходятся",слить или оставить разными понятиями,merge → qaynagi,"Обе записи по книге — «гыйнаг», в таблице 50 переведено как «Коготь»; «источник» — машинный перевод похожего слова qaynaq. [сверка: обе book_reading qıynaq; схема t50_f04 «Гайнаг» — «Коготь»]",high,"решено ИИ, ждёт подтверждения"
омоним?,naxish «naxış» «Узор» | serme «sərmə» «покрытие» | serme-2 «sərmə» «Орнаментальный мотив»,"по сверке все читаются как «sərmə», но значения расходятся",слить или оставить разными понятиями,unsure,"«Сермә» и «сермә-2» — одно понятие (см. п. 38). Запись «naxış/Узор» смешанная: 3 упоминания по книге — «сермә», 1 — общее слово «узор», заметка «Леденец в виде птицы» к сермә явно не относится. Нужно проверить т. I, сканы стр. 89, 95, 110. [сверка: naxish → book_reading sərmə (wrong_name 3, ok 1); roles generic 1; mentions naxish: т. I стр. 23* (page_089) «Леденец в виде птицы», стр. 25 (page_095), стр. 110]",low,открыт
"слито, значения расходятся",serme «покрытие» | serme-2 «орнаментальный мотив»,одно написание — слито автоматически,проверить: одно понятие или омонимы,merge → serme,Обе записи — «сермә»; Керимов переводит «Орнаментальный мотив». [сверка: обе book_reading sərmə; схема t40_f04 «Сермә» — «Орнаментальный мотив»],high,"решено ИИ, ждёт подтверждения"
омоним?,arka «arka» «арка» | tag «tağ» «арка» | taglar «tağlar» «arches»,"по сверке все читаются как «tağ», но значения расходятся",слить или оставить разными понятиями,merge → tag,"Все записи — «таг» (арка); «tağlar» — мн. число, «arka» — русское слово. [сверка: все book_reading tağ, kt «арка»]",high,"решено ИИ, ждёт подтверждения"
омоним?,cehre-hissesi «cəhrə hissəsi» «Часть прялки» | iyne-hissesi «iynə hissəsi» «Часть веретена» | tagalaq «tağalaq» «деталь прялки («Чәһрә һиссәләриндәндүр»)»,"по сверке все читаются как «tağalaq», но значения расходятся",слить или оставить разными понятиями,merge → tagalaq,"Все записи по книге — «тагалаг», деталь прялки/веретена; переводы описывают одну вещь. [сверка: cəhrə hissəsi, iynə hissəsi → book_reading tağalaq; т. I, с. 038: «Тағалағ чәрхәнин бир һиссәсидир»; схема t48_f03 «Тагалаг» — «Часть веретена»]",high,"решено ИИ, ждёт подтверждения"
омоним?,toqqa «toqqa» «пряжка» | toqqa-poqas «toqqa poqas» «пояс»,"по сверке все читаются как «toqqa», но значения расходятся",слить или оставить разными понятиями,merge → toqqa,В таблице 30 «Тогга» переведено как «Пояс»; «poqas» — искажённое «пояс». Одно понятие. [сверка: toqqa poqas → book_reading toqqa; схемы t30_f05…f10 «Тогга» — «Пояс»],high,"решено ИИ, ждёт подтверждения"
омоним?,ov-iti «ov iti» «Охотничья собака» | tula «tula» «щенок»,"по сверке все читаются как «tula», но значения расходятся",слить или оставить разными понятиями,merge → tula,"«Охотничья собака» — перевод Керимова для «тула» (табл. 9). Но схема t18_f08 «Тазы» — другое слово, её надо перепривязать к своему понятию. [сверка: ov iti → book_reading tula; схема t09_f01 «Тула» — «Охотничья собака»; t18_f04 «Тула» — «Щенок»; схема t18_f08 «Тазы» — отдельное слово]",medium,"решено ИИ, ждёт подтверждения"
омоним?,sito «sito» «Сито» | xelbir «xəlbir» «решето»,"по сверке все читаются как «xəlbir», но значения расходятся",слить или оставить разными понятиями,merge → xelbir,«Сито» — перевод Керимова для «хәлбир». [сверка: sito → book_reading xəlbir; схема t47_f02 «Хелбир» — «Сито»],high,"решено ИИ, ждёт подтверждения"
омоним?,ketebe-yazili «kətəbə yazılı» «Кетебә с надписью» | yazili-ketebe «Yazılı-kətəbə» «Письменная катеба»,"по сверке все читаются как «yazılıkətəbə», но значения расходятся",слить или оставить разными понятиями,merge → yazili-ketebe,"Обе записи — «јазылы кәтәбә» (кетебе с надписью), разный порядок слов. Это вид кетебе — связь с ketebe стоит добавить отдельно. [сверка: обе book_reading yazılı kətəbə]",high,"решено ИИ, ждёт подтверждения"
омоним?,kasatik «kasatik» «Касатик» | zanbaq «Zanbaq» «Касатик» | zenbeq «zənbəq» «ирис»,"по сверке все читаются как «zanbaq», но значения расходятся",слить или оставить разными понятиями,merge → zanbaq,"Все записи — «занбаг»; Керимов переводит «Касатик» (ирис). «Лилия» — машинная ошибка. [сверка: kasatik, zənbəq → book_reading zanbaq; схемы t93_f02, t81_f02, t91_f05, t75_f11 «Занбаг» — «Касатик»]",high,"решено ИИ, ждёт подтверждения"
омоним?,qalon «qalon» «Галуны» | zencire «zəncirə» «зенджире»,"по сверке все читаются как «zəncirə», но значения расходятся",слить или оставить разными понятиями,merge → zencire,"«Галуны» — перевод Керимова для каймы «зенджире»; «qalon» придумано сайтом. [сверка: qalon → book_reading zəncirə; схемы t131, t139 «Зенджире» — «Галуны»]",high,"решено ИИ, ждёт подтверждения"
"слито, значения расходятся",chashmaq «Огниво» | chaxmaq «Курок»,одно написание — слито автоматически,проверить: одно понятие или омонимы,merge → chaxmaq,"Обе записи по книге — «чахмаг»; «огниво» и «курок» — два значения одного слова, а пояснения к узору совпадают. [сверка: çaşmaq → book_reading çaxmaq; обе записи: «мотив из древнегреческого орнамента», «встречается в коврах Карабаха»; Керимов т. II, с. 161: кайма «Чахмагы»]",high,"решено ИИ, ждёт подтверждения"
омоним?,chiraq «çıraq» «Светильник» | shem «şəm» «Свеча»,"по сверке все читаются как «çıraq», но значения расходятся",слить или оставить разными понятиями,merge → chiraq,«Свеча» — перевод Керимова для «Чирах» (табл. 45); одно понятие «светильник». [сверка: şəm → book_reading çıraq; схема t45_f03 «Чирах» — «Свеча»; t58_f03 «Чираг» — «Светильник»],high,"решено ИИ, ждёт подтверждения"
омоним?,shana «şana» «гребень (дараг) — прибивает ряды утка» | yaba «yaba» «Вилы»,"по сверке все читаются как «şana», но значения расходятся",слить или оставить разными понятиями,merge → shana,«Вилы» — перевод Керимова для «Шана» (табл. 10); «yaba» придумано сайтом. [сверка: yaba → book_reading şana; схема t10_f07 «Шана» — «Вилы»],high,"решено ИИ, ждёт подтверждения"
слито по чтению Керимова,"behmenli «bəhmənli» ← behmenli, bahmanli",записи bahmanli сверка прочла как это слово,выборочно проверить (низкий приоритет),keep → behmenli,Бахманлы/Бахменли — русская передача того же названия ковра Бəhmənli; сверка т. I с. 72 и т. II с. 103 читает bəhmənli. [сверка: Bahmanlı → book_reading bəhmənli],medium,"решено ИИ, ждёт подтверждения"
слито по чтению Керимова,"cemcemli «cəmcəmli» ← cemcemli, camcamli",записи camcamli сверка прочла как это слово,выборочно проверить (низкий приоритет),keep → cemcemli,"Джамджамли/Джемджемли — русская передача названия ковра Cəmcəmli (по селу Джамджамли); сверка читает cəmcəmli. [сверка: Camcamlı → book_reading cəmcəmli; Керимов т. III, с. 42: ковры «Джамджамли» по селу Джамджамли]",high,"решено ИИ, ждёт подтверждения"
слито по чтению Керимова,"lecedi «ləcədi» ← lecedi, lyacedi",записи lyacedi сверка прочла как это слово,выборочно проверить (низкий приоритет),keep → lecedi,"Lyajadi — английская передача того же названия ковра Ляджади (Ləcədi). [сверка: lyacədi → book_reading ləcədi; Керимов т. II, с. 167: ковер «Ляджади» по деревне Ляджади]",high,"решено ИИ, ждёт подтверждения"
слито по чтению Керимова,"lechekturunc «ləçəkturunc» ← lechek-turac, lechekturunc, lechekturunc-carpet, torenc-lechenc",записи torenc-lechenc сверка прочла как это слово,выборочно проверить (низкий приоритет),keep → lechekturunc,«Лячак-турадж» и «Торэндж-лечэндж» — искажённые записи композиции Лячактурундж; сверка по страницам прочла ləçəkturunc. Значение «турач (фазан)» у записи lechek-turac — машинная ошибка. [сверка: ləçək-turac → book_reading ləçəkturunc; сверка: ləçəktürünc → book_reading ləçəkturunc; сверка: torənc-ləçənc → book_reading ləçəkturunc],medium,"решено ИИ, ждёт подтверждения"
слито по чтению Керимова,"mereze-carpet «mərəzə» ← mereze-carpet, maraza",записи maraza сверка прочла как это слово,выборочно проверить (низкий приоритет),keep → mereze-carpet,Maraza — английская передача того же ковра Мараза (Mərəzə); перевод Керимова «Мараза». [сверка: Maraza → book_reading mərəzə],high,"решено ИИ, ждёт подтверждения"
слито по чтению Керимова,"orduc «orduc» ← orduc, oruc, ordudj",записи ordudj сверка прочла как это слово,выборочно проверить (низкий приоритет),keep → orduc,Орудж/Orduj — варианты написания ковра Ордудж (Orduc); сверка читает orduc. [сверка: Oruc → book_reading orduc; сверка: Ordudj → book_reading orduc],high,"решено ИИ, ждёт подтверждения"
слито по чтению Керимова,"qaraqashli «qaraqaşlı» ← qaraqashli, qargashiq",записи qargashiq сверка прочла как это слово,выборочно проверить (низкий приоритет),keep → qaraqashli,"«Гаргашык» (т. II, с. 232) — искажённое Гарагашлы; сверка прочла qaraqaşlı. [сверка: Qarğaşıq → book_reading qaraqaşlı]",medium,"решено ИИ, ждёт подтверждения"
слито по чтению Керимова,"salmasoyud «salmasöyüd» ← salmasoyud, salmasobet",записи salmasobet сверка прочла как это слово,выборочно проверить (низкий приоритет),keep → salmasoyud,"«Салмасёбёт» (т. II, с. 232) — искажённое Салмасёют; сверка прочла salmasöyüd. [сверка: salmasöbət → book_reading salmasöyüd]",medium,"решено ИИ, ждёт подтверждения"
слито по чтению Керимова,"saxsida-guller «saxsıda güllər» ← saxsida-guller, saxsyda-kuller, saxsaqaya-guller",записи saxsaqaya-guller сверка прочла как это слово,выборочно проверить (низкий приоритет),keep → saxsida-guller,"Все три записи — композиция «Сахсыда гюллер» (Цветы в фаянсовой посуде); перевод Керимова совпадает. [сверка: saxsyda küllər → book_reading saxsıda güllər; сверка: saxsaqaya güllər → book_reading saxsıda güllər; перевод Керимова «цветы в фаянсовой вазе»; Керимов т. II, с. 48–49: «Сахсыда гюлляр» (Цветы в фаянсовой посуде)]",high,"решено ИИ, ждёт подтверждения"
слито по чтению Керимова,"xileafshan «xiləəfşan» ← xileafshan, xide-afshan",записи xide-afshan сверка прочла как это слово,выборочно проверить (низкий приоритет),keep → xileafshan,«Хиде-афшан» — опечатка/искажение Хила-афшан; сверка прочла xilə-əfşan. [сверка: Xide-Afşan → book_reading xilə-əfşan],medium,"решено ИИ, ждёт подтверждения"
слито по чтению Керимова,"ejdaha-ile-feniksin-doyushu «əjdaha ilə feniksin döyüşü» ← ejdaha-ile-feniksin-doyushu, ejdaha-ile-simurq-qushunun-doyushmesi",записи ejdaha-ile-simurq-qushunun-doyushmesi сверка прочла как это слово,выборочно проверить (низкий приоритет),keep → ejdaha-ile-feniksin-doyushu,Обе записи — один ковёр «Борьба дракона с фениксом»; перевод Керимова (Fight of dragon with Phoenix) тот же. [сверка: əjdaha ilə simurq quşunun döyüşməsi → book_reading əjdaha ilə feniksin döyüşü; перевод Керимова «Fight of dragon with Phoenix»],high,"решено ИИ, ждёт подтверждения"
слито по чтению Керимова,"palaz «palaz» ← palaz, palaz-sade-zolaqlarla",записи palaz-sade-zolaqlarla сверка прочла как это слово,выборочно проверить (низкий приоритет),keep → palaz,Палас с простыми полосами — тот же предмет палас (разновидность в подписи); сверка читает palaz. [сверка: Palaz (sadə zolaqlarla) → book_reading palaz],medium,"решено ИИ, ждёт подтверждения"
слито по чтению Керимова,"adam «adam» ← adam, insan",записи insan сверка прочла как это слово,выборочно проверить (низкий приоритет),keep → adam,Сверка прочла во всех записях одно слово «adam»; переводы Керимова/таблицы совпадают — это синоним или перевод того же узора. [сверка: insan → book_reading adam; перевод Керимова «Человек»; схема t14_f02: Адам — Человек; схема t14_f03: Адам — Человек],high,"решено ИИ, ждёт подтверждения"
слито по чтению Керимова,"adam-ve-at «adam və at» ← adam-ve-at, insan-ve-at",записи insan-ve-at сверка прочла как это слово,выборочно проверить (низкий приоритет),keep → adam-ve-at,Сверка прочла во всех записях одно слово «adam və at»; переводы Керимова/таблицы совпадают — это синоним или перевод того же узора. [сверка: insan və at → book_reading adam və at; перевод Керимова «Человек и лошадь»; схема t14_f05: Адам ве ат — Человек и лошадь],high,"решено ИИ, ждёт подтверждения"
слито по чтению Керимова,"alaqapi «alaqapı» ← alaqapi, agalapi, qapi","записи agalapi, qapi сверка прочла как это слово",выборочно проверить (низкий приоритет),keep → alaqapi,"Записи «ворота» сверка прочла как alaqapı. Запись qapi (т. I, с. 27*) стоит перепроверить: «гапы» может быть просто «ворота», но сверка говорит alaqapı. [сверка: Ağalapı → book_reading alaqapı; перевод Керимова «Ворота»; сверка: qapı → book_reading alaqapı; перевод Керимова «Ворота»]",medium,"решено ИИ, ждёт подтверждения"
слито по чтению Керимова,"almagulu «almagülü» ← almagulu, alma-chicheyi",записи alma-chicheyi сверка прочла как это слово,выборочно проверить (низкий приоритет),keep → almagulu,Сверка прочла во всех записях одно слово «almagülü»; переводы Керимова/таблицы совпадают — это синоним или перевод того же узора. [сверка: alma çiçəyi → book_reading almagülü; перевод Керимова «Яблоневый цветок»; схема t166_f03: Алмагюлю — Яблоневый цветок; схема t166_f01: Алмагюлю — Яблоневый цветок],high,"решено ИИ, ждёт подтверждения"
слито по чтению Керимова,"almaelem «almaələm» ← almaelem, alma-element, almahali","записи alma-element, almahali сверка прочла как это слово",выборочно проверить (низкий приоритет),keep → almaelem,Сверка прочла во всех записях одно слово «almaələm»; переводы Керимова/таблицы совпадают — это синоним или перевод того же узора. [сверка: alma-element → book_reading alma ələm; сверка: Almahalı → book_reading almaələm; перевод Керимова «Яблочная кайма»],high,"решено ИИ, ждёт подтверждения"
слито по чтению Керимова,"agac «ağac» ← agac, dere",записи dere сверка прочла как это слово,выборочно проверить (низкий приоритет),keep → agac,"Запись dərə («долина») — неверно прочитанное «дерево»; перевод Керимова «Дерево», таблица — Агадж. [сверка: dərə → book_reading ağac; перевод Керимова «Дерево»; схема t07_f02: Агадж — Дерево Карабахский; схема t11_f01: Агадж — Дерево Карабахский]",high,"решено ИИ, ждёт подтверждения"
слито по чтению Керимова,"baca «baca» ← baca, baca-2, baci",записи baci сверка прочла как это слово,выборочно проверить (низкий приоритет),keep → baca,"bacı («сестра») — ошибка чтения; перевод Керимова «дымоход», таблицы — Баджа (Дымовая труба). [сверка: baca → book_reading baca; перевод Керимова «Дымовая труба»; сверка: bacı → book_reading baca; перевод Керимова «дымоход, дымовое отверстие»; схема t37_f05: Баджа — Дымовая труба; схема t39_f02: Баджа — Дымовая труба]",high,"решено ИИ, ждёт подтверждения"
слито по чтению Керимова,"badam-buta «badambuta» ← badam-buta, buta-badam",записи buta-badam сверка прочла как это слово,выборочно проверить (низкий приоритет),keep → badam-buta,Сверка прочла во всех записях одно слово «badambuta»; переводы Керимова/таблицы совпадают — это синоним или перевод того же узора. [сверка: buta badam → book_reading badam buta; перевод Керимова «бута-миндаль»; схема t96_f02: Бадамбута — Бута Миндаль],high,"решено ИИ, ждёт подтверждения"
слито по чтению Керимова,"baftalikul «baftalıgül» ← baftalikul, qalunlu-gul",записи qalunlu-gul сверка прочла как это слово,выборочно проверить (низкий приоритет),keep → baftalikul,Сверка прочла во всех записях одно слово «baftalıgül»; переводы Керимова/таблицы совпадают — это синоним или перевод того же узора. [сверка: qalunlu gül → book_reading baftalıgül; перевод Керимова «Цветок с галунами»; схема t43_f03: Бафталыгюль — Цветок с галунами],high,"решено ИИ, ждёт подтверждения"
слито по чтению Керимова,"bayram-gulu «bayram gülü» ← bayram-gulu, bayramkulu, bayramqulu",записи bayramqulu сверка прочла как это слово,выборочно проверить (низкий приоритет),keep → bayram-gulu,Сверка прочла во всех записях одно слово «bayram gülü»; переводы Керимова/таблицы совпадают — это синоним или перевод того же узора. [сверка: Bayramkülü → book_reading bayramgülü; сверка: Bayramqulu → book_reading bayramgülü; перевод Керимова «Праздничный цветок»],high,"решено ИИ, ждёт подтверждения"
слито по чтению Керимова,"bazibend «bazıbənd» ← bazibend, kishi-bilerzik",записи kishi-bilerzik сверка прочла как это слово,выборочно проверить (низкий приоритет),keep → bazibend,Сверка прочла во всех записях одно слово «bazıbənd»; переводы Керимова/таблицы совпадают — это синоним или перевод того же узора. [сверка: kişi bilərzik → book_reading bazıbənd; перевод Керимова «Мужской браслет»; схема t71_f04: Базыбенд — Мужской браслет],high,"решено ИИ, ждёт подтверждения"
слито по чтению Керимова,"baga «bağa» ← baga, tisbaga-2",записи tisbaga-2 сверка прочла как это слово,выборочно проверить (низкий приоритет),keep → baga,Bağa у Керимова — черепаха; запись tısbağa (черепаха) — то же. [сверка: tısbağa → book_reading bağa; перевод Керимова «Черепаха»; схема t17_f04: Тысбага — Черепаха; схема t17_f05: Чанахлы-бага — Черепаха],high,"решено ИИ, ждёт подтверждения"
слито по чтению Керимова,"bashmaq «başmaq» ← bashmaq, alshamaq",записи alshamaq сверка прочла как это слово,выборочно проверить (низкий приоритет),keep → bashmaq,Сверка прочла во всех записях одно слово «başmaq»; переводы Керимова/таблицы совпадают — это синоним или перевод того же узора. [сверка: alşamaq → book_reading başmaq; схема t29_f06: Башмаг — Башмак],high,"решено ИИ, ждёт подтверждения"
слито по чтению Керимова,"budaqbashi «budaqbaşı» ← budaqbashi, budaq-ucu",записи budaq-ucu сверка прочла как это слово,выборочно проверить (низкий приоритет),keep → budaqbashi,Сверка прочла во всех записях одно слово «budaqbaşı»; переводы Керимова/таблицы совпадают — это синоним или перевод того же узора. [сверка: budaq ucu → book_reading budaqbaşı; перевод Керимова «Верхушка ветки»],high,"решено ИИ, ждёт подтверждения"
слито по чтению Керимова,"bolme «bölmə» ← bolme, deleni",записи deleni сверка прочла как это слово,выборочно проверить (низкий приоритет),keep → bolme,dələni — неверное прочтение русского «деленный»; в таблице 11 Бөлме = «Деленный». [сверка: dələni → book_reading bölmə; перевод Керимова «Деленный»; схема t11_f07: Бөлме — Деленный Карабахский],high,"решено ИИ, ждёт подтверждения"
слито по чтению Керимова,"boyukxal «böyükxal» ← boyukxal, boyuk-leke",записи boyuk-leke сверка прочла как это слово,выборочно проверить (низкий приоритет),keep → boyukxal,«Большое пятно» — перевод böyük xal; таблица 41: Беюк хал = Большое пятно. [сверка: böyük ləkə → book_reading böyük xal; перевод Керимова «Большое пятно»; схема t41_f05: Беюк — хал Большое пятно],high,"решено ИИ, ждёт подтверждения"
слито по чтению Керимова,"behli «bəhli» ← behli, gilas-2",записи gilas-2 сверка прочла как это слово,выборочно проверить (низкий приоритет),keep → behli,Сверка прочла во всех записях одно слово «bəhli»; переводы Керимова/таблицы совпадают — это синоним или перевод того же узора. [сверка: gilas → book_reading bəhli; перевод Керимова «Черешня»],high,"решено ИИ, ждёт подтверждения"
слито по чтению Керимова,"ciqqa-buta-4 «cıqqabuta» ← ciga-buta-2, cigqabuta, ciqqa-buta, ciqqa-buta-3, ciqqa-buta-4, buta-ciga",записи buta-ciga сверка прочла как это слово,выборочно проверить (низкий приоритет),keep → ciqqa-buta-4,Сверка прочла во всех записях одно слово «cıqqabuta»; переводы Керимова/таблицы совпадают — это синоним или перевод того же узора. [сверка: Cığa buta → book_reading cıqqa buta; перевод Керимова «бута-корона»; сверка: Cığqabuta → book_reading cıqqa buta; перевод Керимова «Бута джыгга — ювелирное украшение»; сверка: ciqqa buta → book_reading cıqqa buta; сверка: cıqqa buta → book_reading cıqqabuta; перевод Керимова «Бута джыгга — ювелирное украшение»; сверка: buta cığa → book_reading cıqqabuta; перевод Керимова «Бута-джыгга»; схема t96_f04: Джыггабута — Бута джыгга — ювелирное украшение; схема t96_f10: Джыггабута — Бута-джыгга],high,"решено ИИ, ждёт подтверждения"
слито по чтению Керимова,"dilerekli «dilikli» ← dilerekli, dishli-2",записи dishli-2 сверка прочла как это слово,выборочно проверить (низкий приоритет),keep → dilerekli,Сверка прочла во всех записях одно слово «dilikli»; переводы Керимова/таблицы совпадают — это синоним или перевод того же узора. [сверка: Dişli → book_reading dilikli; перевод Керимова «Зубчатый»],high,"решено ИИ, ждёт подтверждения"
слито по чтению Керимова,"dordtomaq «dördtoxmaq» ← dordtomaq, dord-zirve",записи dord-zirve сверка прочла как это слово,выборочно проверить (низкий приоритет),keep → dordtomaq,Сверка прочла во всех записях одно слово «dördtoxmaq»; переводы Керимова/таблицы совпадают — это синоним или перевод того же узора. [сверка: dörd zirvə → book_reading dördtoxmaq; перевод Керимова «Четыре пики»],high,"решено ИИ, ждёт подтверждения"
слито по чтению Керимова,"dirnaqli «dırnaqlı» ← dirnaq-2, dirnaqli, dirnaq-formali",записи dirnaq-formali сверка прочла как это слово,выборочно проверить (низкий приоритет),keep → dirnaqli,"Все записи — «коготь» (dırnaqlı). Внимание: у dirnaq-2 среди имён «Гайнаг/Гыйнаг», и к понятию привязана схема t50_f04 Qaynaq — это, возможно, отдельное название; проверить табл. 50. [сверка: dırnaq → book_reading dırnaqlı; перевод Керимова «Коготь»; сверка: dırnaq formalı → book_reading dırnaqlı; перевод Керимова «когтеобразный»; схема t50_f04: Гайнаг — Коготь; схема t50_f06: Дырнаглы — Коготь]",medium,"решено ИИ, ждёт подтверждения"
слито по чтению Керимова,"destegul «dəstəgül» ← destegul, buket",записи buket сверка прочла как это слово,выборочно проверить (низкий приоритет),keep → destegul,Сверка прочла во всех записях одно слово «dəstəgül»; переводы Керимова/таблицы совпадают — это синоним или перевод того же узора. [сверка: buket → book_reading dəstəgül; перевод Керимова «Букет»; схема t108_f02: Дестегюль — Букет],high,"решено ИИ, ждёт подтверждения"
слито по чтению Керимова,"develeperi «dəvələpiri» ← develeperi, develapiri",записи develapiri сверка прочла как это слово,выборочно проверить (низкий приоритет),keep → develeperi,Сверка прочла во всех записях одно слово «dəvələpiri»; переводы Керимова/таблицы совпадают — это синоним или перевод того же узора. [сверка: dəvəlapırı → book_reading dəvələpiri; перевод Керимова «Верблюжий след»; схема t120_f02: Девелапири — Верблюжий след],high,"решено ИИ, ждёт подтверждения"
слито по чтению Керимова,"enli-su «enli su» ← enli-su, genish-xett",записи genish-xett сверка прочла как это слово,выборочно проверить (низкий приоритет),keep → enli-su,Сверка прочла во всех записях одно слово «enli su»; переводы Керимова/таблицы совпадают — это синоним или перевод того же узора. [сверка: geniş xətt → book_reading enli su; перевод Керимова «Широкая линия»],high,"решено ИИ, ждёт подтверждения"
слито по чтению Керимова,"fir «fır» ← fir, yula",записи yula сверка прочла как это слово,выборочно проверить (низкий приоритет),keep → fir,Сверка прочла во всех записях одно слово «fır»; переводы Керимова/таблицы совпадают — это синоним или перевод того же узора. [сверка: yula → book_reading fır; перевод Керимова «Юла»; схема t45_f02: Фыр — Юла],high,"решено ИИ, ждёт подтверждения"
слито по чтению Керимова,"gol «göl» ← gol, gol-2, gol-3, kul, medalyon","записи kul, medalyon сверка прочла как это слово",выборочно проверить (низкий приоритет),keep → gol,"kül («пепел») — неверное прочтение көл = гёль; Медальон — перевод Керимова для гёля. Запись medalyon частично содержит общие русские упоминания «медальон» (т. I, с. 298 и др.). [сверка: Göl → book_reading göl; перевод Керимова «озеро (медальон)»; сверка: göl → book_reading göl; перевод Керимова «озеро»; сверка: kül → book_reading göl; перевод Керимова «гёль (медальон)»; сверка: medalyon → book_reading göl; перевод Керимова «Медальон»; схема t113_f01: Гёль — Медальон; схема t118_f01: Гель — Медальон; таблицы 113, 118: Гёль = Медальон]",high,"решено ИИ, ждёт подтверждения"
слито по чтению Керимова,"qelichi «göliçi» ← kul-ichi, qelichi",записи qelichi сверка прочла как это слово,выборочно проверить (низкий приоритет),keep → qelichi,«Ковровщик/зола» — машинные ошибки; Керимов: внутренность гёля. [сверка: kül içi → book_reading göl içi; перевод Керимова «внутренность гёля»],high,"решено ИИ, ждёт подтверждения"
слито по чтению Керимова,"gol-ortasi «göl ortası» ← gol-ortasi, kul-ortasi",записи kul-ortasi сверка прочла как это слово,выборочно проверить (низкий приоритет),keep → gol-ortasi,kül ortası — неверное прочтение көл ортасы = середина гёля. [сверка: kül ortası → book_reading göl ortası; перевод Керимова «середина гёля (медальона)»],high,"решено ИИ, ждёт подтверждения"
слито по чтению Керимова,"gorush-noqtesi «görüş nöqtəsi» ← gorush-noqtesi, gerush-noqtasi",записи gerush-noqtasi сверка прочла как это слово,выборочно проверить (низкий приоритет),keep → gorush-noqtesi,Сверка прочла во всех записях одно слово «görüş nöqtəsi»; переводы Керимова/таблицы совпадают — это синоним или перевод того же узора. [сверка: gəruş noqtası → book_reading görüş nöqtəsi; перевод Керимова «точка встречи»],high,"решено ИИ, ждёт подтверждения"
слито по чтению Керимова,"gulbutag «gülbudaq» ← gulbutag, chichekli-budaqciq",записи chichekli-budaqciq сверка прочла как это слово,выборочно проверить (низкий приоритет),keep → gulbutag,"Сверка прочла «веточка с цветком» (т. I, с. 27*) как gülbudaq. Но привязанная схема t25_f01 — это Şaxəgülü («Веточка с цветком»), её надо перенести к понятию şaxəgülü (пункт 164). [сверка: çiçəkli budaqcıq → book_reading gülbudaq; перевод Керимова «Веточка с цветком»; схема t25_f01: Шахәгюлю — Веточка с цветком]",medium,"решено ИИ, ждёт подтверждения"
слито по чтению Керимова,"guzgu «güzgü» ← guzgu, kuncu",записи kuncu сверка прочла как это слово,выборочно проверить (низкий приоритет),keep → guzgu,küncü («уголок») — неверное прочтение күзкү = зеркало; перевод Керимова «зеркало». [сверка: küncü → book_reading güzgü; перевод Керимова «зеркало»; схема t44_f01: Гюзгю — Зеркало; схема t48_f02: Гюзгю — Зеркало Гянджа Г.-К Трехстворчатое],high,"решено ИИ, ждёт подтверждения"
слито по чтению Керимова,"gelin-cehizi «gəlincehizi» ← gelin-cehizi, gelincehizi, gelinchecik",записи gelinchecik сверка прочла как это слово,выборочно проверить (низкий приоритет),keep → gelin-cehizi,Сверка прочла во всех записях одно слово «gəlincehizi»; переводы Керимова/таблицы совпадают — это синоним или перевод того же узора. [сверка: gəlincehizi → book_reading gəlincehizi; перевод Керимова «Приданое невесты»; сверка: gəlinçəcik → book_reading gəlin cehizi; перевод Керимова «приданое невесты»],high,"решено ИИ, ждёт подтверждения"
слито по чтению Керимова,"xamli-buta «hamlı buta» ← xamli-buta, xemeli-buta",записи xemeli-buta сверка прочла как это слово,выборочно проверить (низкий приоритет),keep → xamli-buta,Сверка прочла во всех записях одно слово «hamlı buta»; переводы Керимова/таблицы совпадают — это синоним или перевод того же узора. [сверка: xəməli buta → book_reading hamlı buta],high,"решено ИИ, ждёт подтверждения"
слито по чтению Керимова,"hashiye «haşiyə» ← hashiye, bordur, bordur-zolaqlari, qayma, xashiyo","записи bordur, bordur-zolaqlari, qayma, xashiyo сверка прочла как это слово",выборочно проверить (низкий приоритет),keep → hashiye,"Бордюр/кайма — то же, что haşiyə. Запись bordur содержит общие русские употребления слова «бордюр». [сверка: bordür → book_reading haşiyə; перевод Керимова «бордюр (кайма)»; сверка: bordür zolaqları → book_reading haşiyə; перевод Керимова «бордюрные полосы»; сверка: qayma → book_reading haşiyə; перевод Керимова «Кайма»; сверка: Xaşıyo → book_reading haşiyə; перевод Керимова «Кайма»]",medium,"решено ИИ, ждёт подтверждения"
слито по чтению Керимова,"heyva «heyva» ← heyva, ayva",записи ayva сверка прочла как это слово,выборочно проверить (низкий приоритет),keep → heyva,Сверка прочла во всех записях одно слово «heyva»; переводы Керимова/таблицы совпадают — это синоним или перевод того же узора. [сверка: ayva → book_reading heyva; перевод Керимова «Айва»],high,"решено ИИ, ждёт подтверждения"
слито по чтению Керимова,"nilbuta «hilbuta» ← nilbuta, buta-kardamon",записи buta-kardamon сверка прочла как это слово,выборочно проверить (низкий приоритет),keep → nilbuta,"нилбута — опечатка hilbuta (бута-кардамон, hil = кардамон). [сверка: buta kardamon → book_reading hil buta; перевод Керимова «бута-кардамон»]",medium,"решено ИИ, ждёт подтверждения"
слито по чтению Керимова,"hoqqa «hoqqa» ← hoqqa, fokuschu-atributu",записи fokuschu-atributu сверка прочла как это слово,выборочно проверить (низкий приоритет),keep → hoqqa,Сверка прочла во всех записях одно слово «hoqqa»; переводы Керимова/таблицы совпадают — это синоним или перевод того же узора. [сверка: fokusçu atributu → book_reading hoqqa; перевод Керимова «Атрибут фокусника»],high,"решено ИИ, ждёт подтверждения"
слито по чтению Керимова,"horuk «hörük» ← horuk, xoruk-kosa",записи xoruk-kosa сверка прочла как это слово,выборочно проверить (низкий приоритет),keep → horuk,Сверка прочла во всех записях одно слово «hörük»; переводы Керимова/таблицы совпадают — это синоним или перевод того же узора. [сверка: xoruk kosa → book_reading hörük; перевод Керимова «коса»],high,"решено ИИ, ждёт подтверждения"
слито по чтению Керимова,"horuk-buruq «hörük-buruq» ← horuk-buruq, xoruk-buruq",записи xoruk-buruq сверка прочла как это слово,выборочно проверить (низкий приоритет),keep → horuk-buruq,Сверка прочла во всех записях одно слово «hörük-buruq»; переводы Керимова/таблицы совпадают — это синоним или перевод того же узора. [сверка: xoruk-buruq → book_reading hörük-buruq; перевод Керимова «сплетенная — завитая»],high,"решено ИИ, ждёт подтверждения"
слито по чтению Керимова,"hemli-buta «həmli buta» ← hemli-buta, hemli-puta, xemli-buta, hamile-buta",записи hamile-buta сверка прочла как это слово,выборочно проверить (низкий приоритет),keep → hemli-buta,Сверка прочла во всех записях одно слово «həmli buta»; переводы Керимова/таблицы совпадают — это синоним или перевод того же узора. [сверка: həmli-puta → book_reading həmli buta; сверка: xəmli buta → book_reading həmlibuta; перевод Керимова «Бута беременная»; сверка: hamilə buta → book_reading həmli buta; перевод Керимова «бута беременная»; схема t96_f08: Хемлибута — Бута беременная],high,"решено ИИ, ждёт подтверждения"
слито по чтению Керимова,"islmi-ilan «islimi ilan» ← islimielyan, islmi-ilan, islimi-i-ishli-ishli-i-islimi-i-ishli",записи islimi-i-ishli-ishli-i-islimi-i-ishli сверка прочла как это слово,выборочно проверить (низкий приоритет),keep → islmi-ilan,Сверка прочла во всех записях одно слово «islimi ilan»; значения не противоречат. [сверка: İslimiəlyan → book_reading islimi ilan; сверка: islimi-i-işli-işli-i-islimi-i-işli → book_reading islimi-ilan],medium,"решено ИИ, ждёт подтверждения"
слито по чтению Керимова,"ichiqaynaq «içiqıynaq» ← ichiqaynaq, qarmaqli-naxish",записи qarmaqli-naxish сверка прочла как это слово,выборочно проверить (низкий приоритет),keep → ichiqaynaq,Сверка прочла во всех записях одно слово «içiqıynaq»; переводы Керимова/таблицы совпадают — это синоним или перевод того же узора. [сверка: qarmaqlı naxış → book_reading içiqıynaq; перевод Керимова «Узор с крючками»; схема t41_f06: Ичигыйнаг — Узор с крючками],high,"решено ИИ, ждёт подтверждения"
слито по чтению Керимова,"kasa «kasa» ← kasa, qasa",записи qasa сверка прочла как это слово,выборочно проверить (низкий приоритет),keep → kasa,Сверка прочла во всех записях одно слово «kasa»; переводы Керимова/таблицы совпадают — это синоним или перевод того же узора. [сверка: Qasa → book_reading kasa; перевод Керимова «чаша»; схема t34_f01: Каса — Чаша],high,"решено ИИ, ждёт подтверждения"
слито по чтению Керимова,"kashi «kaşı» ← kashi, qash",записи qash сверка прочла как это слово,выборочно проверить (низкий приоритет),keep → kashi,qaş («бровь») — неверное прочтение каш(ы) = майолика; перевод Керимова «майолика». [сверка: qaş → book_reading kaşı; перевод Керимова «майолика»],high,"решено ИИ, ждёт подтверждения"
слито по чтению Керимова,"qashi-kerpic «kaşı kərpic» ← qashi-kerpic, qlazurlu-kerpic",записи qlazurlu-kerpic сверка прочла как это слово,выборочно проверить (низкий приоритет),keep → qashi-kerpic,Сверка прочла во всех записях одно слово «kaşı kərpic»; переводы Керимова/таблицы совпадают — это синоним или перевод того же узора. [сверка: qlazurlu kərpic → book_reading kaşı kərpic; перевод Керимова «глазурованный кирпич»; схема t46_f02: Кашыкерпич — Глазурованный кирпич],high,"решено ИИ, ждёт подтверждения"
слито по чтению Керимова,"kise «kisə» ← kise, torba",записи torba сверка прочла как это слово,выборочно проверить (низкий приоритет),keep → kise,Сверка прочла во всех записях одно слово «kisə»; переводы Керимова/таблицы совпадают — это синоним или перевод того же узора. [сверка: torba → book_reading kisə; перевод Керимова «Мешочек»; схема t111_f02: Кисэ — Мешочек],high,"решено ИИ, ждёт подтверждения"
слито по чтению Керимова,"kohne-su «Köhnə su» ← kohne-su, kohne-xett",записи kohne-xett сверка прочла как это слово,выборочно проверить (низкий приоритет),keep → kohne-su,"Старая линия = köhnə su (Hüseynov); сверка т. I, с. 108 читает köhnəsu. [сверка: Köhnə su → book_reading None; сверка: köhnə xətt → book_reading köhnəsu; перевод Керимова «Старая линия»]",medium,"решено ИИ, ждёт подтверждения"
слито по чтению Керимова,"kunc «künc» ← kunc, bucaq",записи bucaq сверка прочла как это слово,выборочно проверить (низкий приоритет),keep → kunc,Сверка прочла во всех записях одно слово «künc»; переводы Керимова/таблицы совпадают — это синоним или перевод того же узора. [сверка: bucaq → book_reading künc; перевод Керимова «Угол»; схема t112_f01: Кюндж — Угол],high,"решено ИИ, ждёт подтверждения"
слито по чтению Керимова,"kupe «küpə» ← kupe, boyuk-kuze, kupa, kupan","записи boyuk-kuze, kupa, kupan сверка прочла как это слово",выборочно проверить (низкий приоритет),keep → kupe,Сверка прочла во всех записях одно слово «küpə»; переводы Керимова/таблицы совпадают — это синоним или перевод того же узора. [сверка: böyük kuzə → book_reading küpə; перевод Керимова «Большой кувшин»; сверка: Küpa → book_reading küpə; сверка: kupan → book_reading küpə; перевод Керимова «Глиняный кувшин»; схема t34_f02: Купә — Глиняный кувшин; схема t44_f02: Кюпа — Большой кувшин],high,"решено ИИ, ждёт подтверждения"
слито по чтению Керимова,"kuchuq «küçük» ← kuchuq, bala-it",записи bala-it сверка прочла как это слово,выборочно проверить (низкий приоритет),keep → kuchuq,Сверка прочла во всех записях одно слово «küçük»; переводы Керимова/таблицы совпадают — это синоним или перевод того же узора. [сверка: bala it → book_reading küçük; перевод Керимова «Щенок»; схема t18_f02: Кучук — Щенок],high,"решено ИИ, ждёт подтверждения"
слито по чтению Керимова,"ketebe «kətəbə» ← ketebe, ketebe-2, kitab",записи kitab сверка прочла как это слово,выборочно проверить (низкий приоритет),unsure → ketebe,"Запись kitab смешанная: т. II, с. 72–73 «кетэбэ» = kətəbə (слияние верно), но т. I, с. 90 и схема t27_f03 — «Китаб — Книга» (табл. 27, рис. 3), это отдельный элемент «книга». Проверить легенду табл. 27 (т. I, с. 90); схему t27_f03 вероятно отвязать от kətəbə. [сверка: Kətəbə → book_reading kətəbə; перевод Керимова «фриз, украшенный монограммой»; сверка: kitab → book_reading kətəbə; перевод Керимова «картуш (кетебе)»; схема t27_f03: Китаб — Книга; Керимов т. II, с. 73: «ислими, кетэбэ и турунджа»; схема t27_f03: name_book Китаб, translation Книга]",low,открыт
слито по чтению Керимова,"ketebe-hashiye «kətəbə haşiyə» ← ketebe-hashiye, geyme-ketebe",записи geyme-ketebe сверка прочла как это слово,выборочно проверить (низкий приоритет),keep → ketebe-hashiye,Сверка прочла во всех записях одно слово «kətəbə haşiyə»; переводы Керимова/таблицы совпадают — это синоним или перевод того же узора. [сверка: Geymə kətəbə → book_reading kətəbə haşiyə; перевод Керимова «Кайма-кетебә»],high,"решено ИИ, ждёт подтверждения"
слито по чтению Керимова,"lobya-yarpagi «lobya yarpağı» ← lobya-yarpagi, paxla-yarpagi",записи paxla-yarpagi сверка прочла как это слово,выборочно проверить (низкий приоритет),keep → lobya-yarpagi,Сверка прочла во всех записях одно слово «lobya yarpağı»; переводы Керимова/таблицы совпадают — это синоним или перевод того же узора. [сверка: paxla yarpağı → book_reading lobya yarpağı; перевод Керимова «Бобовый лист»],high,"решено ИИ, ждёт подтверждения"
слито по чтению Керимова,"lechek «ləçək» ← lechek, chaqa",записи chaqa сверка прочла как это слово,выборочно проверить (низкий приоритет),keep → lechek,"«чака» (т. II, с. 230, указатель) — обрывок «лячака»; перевод Керимова «декоративная арка» совпадает. [сверка: çaqa → book_reading ləçək; перевод Керимова «декоративная арка»]",medium,"решено ИИ, ждёт подтверждения"
слито по чтению Керимова,"meshe-gulu «meşə gülü» ← meshe-gulu, meshe-chicheyi",записи meshe-chicheyi сверка прочла как это слово,выборочно проверить (низкий приоритет),keep → meshe-gulu,Сверка прочла во всех записях одно слово «meşə gülü»; переводы Керимова/таблицы совпадают — это синоним или перевод того же узора. [сверка: meşə çiçəyi → book_reading meşəgülü; перевод Керимова «Лесной цветок»],high,"решено ИИ, ждёт подтверждения"
слито по чтению Керимова,"meshegozu «meşəqozu» ← meshegozu, meshe-qozasi",записи meshe-qozasi сверка прочла как это слово,выборочно проверить (низкий приоритет),keep → meshegozu,Сверка прочла во всех записях одно слово «meşəqozu»; переводы Керимова/таблицы совпадают — это синоним или перевод того же узора. [сверка: meşə qozası → book_reading meşə qozu; перевод Керимова «Лесной орех»],high,"решено ИИ, ждёт подтверждения"
слито по чтению Керимова,"mesheyarpagi «meşəyarpağı» ← mesheyarpagi, meshe-bitkisi",записи meshe-bitkisi сверка прочла как это слово,выборочно проверить (низкий приоритет),keep → mesheyarpagi,Сверка прочла во всех записях одно слово «meşəyarpağı»; переводы Керимова/таблицы совпадают — это синоним или перевод того же узора. [сверка: meşə bitkisi → book_reading meşəyarpağı; перевод Керимова «Лесное растение»],high,"решено ИИ, ждёт подтверждения"
слито по чтению Керимова,"minarebashi «minarəbaşı» ← minarebashi, minare-gunbezi",записи minare-gunbezi сверка прочла как это слово,выборочно проверить (низкий приоритет),keep → minarebashi,Сверка прочла во всех записях одно слово «minarəbaşı»; переводы Керимова/таблицы совпадают — это синоним или перевод того же узора. [сверка: minarə günbəzi → book_reading minarəbaşı; перевод Керимова «Купол минарета»; схема t110_f01: Минаребашы — Купол],high,"решено ИИ, ждёт подтверждения"
слито по чтению Керимова,"mismar «mismar» ← mismar, qvozd",записи qvozd сверка прочла как это слово,выборочно проверить (низкий приоритет),keep → mismar,Сверка прочла во всех записях одно слово «mismar»; переводы Керимова/таблицы совпадают — это синоним или перевод того же узора. [сверка: qvozd → book_reading mismar; перевод Керимова «Гвоздь»; схема t46_f08: Мисмар — Гвоздь],high,"решено ИИ, ждёт подтверждения"
слито по чтению Керимова,"medahil «mədaxil» ← medahil, medaxili, medxil, daxili-hashiye",записи daxili-hashiye сверка прочла как это слово,выборочно проверить (низкий приоритет),keep → medahil,Медахили/внутренняя кайма — одно понятие mədaxil; перевод Керимова «внутренняя кайма». [сверка: Mədaxili → book_reading mədaxil; перевод Керимова «внутренняя кайма»; сверка: mədxil → book_reading mədaxil; сверка: daxili haşiyə → book_reading mədaxil; перевод Керимова «внутренняя кайма»],high,"решено ИИ, ждёт подтверждения"
слито по чтению Керимова,"mexmerikul «məxmərigül» ← mexmerikul, mexmer-chichek",записи mexmer-chichek сверка прочла как это слово,выборочно проверить (низкий приоритет),keep → mexmerikul,Сверка прочла во всех записях одно слово «məxmərigül»; переводы Керимова/таблицы совпадают — это синоним или перевод того же узора. [сверка: məxmər çiçək → book_reading məxmərigül; перевод Керимова «Бархатный цветок»],high,"решено ИИ, ждёт подтверждения"
слито по чтению Керимова,"meshel «məşəl» ← meshel, fakel",записи fakel сверка прочла как это слово,выборочно проверить (низкий приоритет),keep → meshel,Сверка прочла во всех записях одно слово «məşəl»; переводы Керимова/таблицы совпадают — это синоним или перевод того же узора. [сверка: fakel → book_reading məşəl; перевод Керимова «Факел»; схема t29_f05: Мешәл — Факел],high,"решено ИИ, ждёт подтверждения"
слито по чтению Керимова,"nelbeki «nəlbəki» ← nalbeki, nelbeki, boshqab",записи boshqab сверка прочла как это слово,выборочно проверить (низкий приоритет),keep → nelbeki,Сверка прочла во всех записях одно слово «nəlbəki»; переводы Керимова/таблицы совпадают — это синоним или перевод того же узора. [сверка: nalbəki → book_reading nəlbəki; перевод Керимова «Блюдечко»; сверка: boşqab → book_reading nəlbəki; перевод Керимова «Блюдечко»; схема t43_f02: Няльбеки — Блюдце],high,"решено ИИ, ждёт подтверждения"
слито по чтению Керимова,"nelbekigul «nəlbəkigül» ← nelbekigul, gul-boshqab, gulcuk-boshqab","записи gul-boshqab, gulcuk-boshqab сверка прочла как это слово",выборочно проверить (низкий приоритет),keep → nelbekigul,Сверка прочла во всех записях одно слово «nəlbəkigül»; переводы Керимова/таблицы совпадают — это синоним или перевод того же узора. [сверка: gül-boşqab → book_reading nəlbəkigül; перевод Керимова «Цветок-блюдечко»; сверка: gülcük-boşqab → book_reading nəlbəkigül; перевод Керимова «Цветочек-блюдечко»],high,"решено ИИ, ждёт подтверждения"
слито по чтению Керимова,"oraq-ve-chekic «oraq və çəkic» ← oraq-ve-chekic, serp-ve-molot",записи serp-ve-molot сверка прочла как это слово,выборочно проверить (низкий приоритет),keep → oraq-ve-chekic,Сверка прочла во всех записях одно слово «oraq və çəkic»; переводы Керимова/таблицы совпадают — это синоним или перевод того же узора. [сверка: sərp və molot → book_reading oraq və çəkic],high,"решено ИИ, ждёт подтверждения"
слито по чтению Керимова,"oxbashi «oxbaşı» ← oxbashi, ox-ucu",записи ox-ucu сверка прочла как это слово,выборочно проверить (низкий приоритет),keep → oxbashi,Сверка прочла во всех записях одно слово «oxbaşı»; переводы Керимова/таблицы совпадают — это синоним или перевод того же узора. [сверка: ox ucu → book_reading oxbaşı; перевод Керимова «Наконечник стрелы»; схема t129_f02: Охбашы — Наконечник],high,"решено ИИ, ждёт подтверждения"
слито по чтению Керимова,"pambiq-qozalari «pambıq qozaları» ← pambiq-qozalari, pambiq-qutulari",записи pambiq-qutulari сверка прочла как это слово,выборочно проверить (низкий приоритет),keep → pambiq-qozalari,Сверка прочла во всех записях одно слово «pambıq qozaları»; переводы Керимова/таблицы совпадают — это синоним или перевод того же узора. [сверка: pambıq qutuları → book_reading pambıq qozaları],high,"решено ИИ, ждёт подтверждения"
слито по чтению Керимова,"pitik «pitik» ← pitik, xett",записи xett сверка прочла как это слово,выборочно проверить (низкий приоритет),keep → pitik,Сверка прочла во всех записях одно слово «pitik»; переводы Керимова/таблицы совпадают — это синоним или перевод того же узора. [сверка: xətt → book_reading pitik; перевод Керимова «Черточка»],high,"решено ИИ, ждёт подтверждения"
слито по чтению Керимова,"pul «pul» ← pul, sikke",записи sikke сверка прочла как это слово,выборочно проверить (низкий приоритет),keep → pul,Сверка прочла во всех записях одно слово «pul»; переводы Керимова/таблицы совпадают — это синоним или перевод того же узора. [сверка: sikkə → book_reading pul; перевод Керимова «Монета»; схема t49_f02: Пул — Монета Кохна],high,"решено ИИ, ждёт подтверждения"
слито по чтению Керимова,"qeysibishah «qeysibişax» ← qeysibishah, erik-budaqla",записи erik-budaqla сверка прочла как это слово,выборочно проверить (низкий приоритет),keep → qeysibishah,Сверка прочла во всех записях одно слово «qeysibişax»; переводы Керимова/таблицы совпадают — это синоним или перевод того же узора. [сверка: ərik budaqla → book_reading qeysibişax; перевод Керимова «Абрикос с веточкой»],high,"решено ИИ, ждёт подтверждения"
слито по чтению Керимова,"qeychi «qeyçi» ← qeychi, qaychi",записи qaychi сверка прочла как это слово,выборочно проверить (низкий приоритет),keep → qeychi,Сверка прочла во всех записях одно слово «qeyçi»; переводы Керимова/таблицы совпадают — это синоним или перевод того же узора. [сверка: qayçı → book_reading qeyçi],high,"решено ИИ, ждёт подтверждения"
слито по чтению Керимова,"qotaz «qotaz» ← qotaz, fircha",записи fircha сверка прочла как это слово,выборочно проверить (низкий приоритет),keep → qotaz,Сверка прочла во всех записях одно слово «qotaz»; переводы Керимова/таблицы совпадают — это синоним или перевод того же узора. [сверка: fırça → book_reading qotaz; перевод Керимова «Кисточка»; схема t28_f07: Готаз — Кисточка; схема t28_f08: Готаз — Кисточка],high,"решено ИИ, ждёт подтверждения"
слито по чтению Керимова,"qoza «qoza» ← qoza, pambiq-qozasi",записи pambiq-qozasi сверка прочла как это слово,выборочно проверить (низкий приоритет),keep → qoza,Сверка прочла во всех записях одно слово «qoza»; переводы Керимова/таблицы совпадают — это синоним или перевод того же узора. [сверка: pambıq qozası → book_reading qoza; перевод Керимова «Хлопковая коробочка»; схема t83_f03: Гоза — Хлопковая коробочка; схема t75_f12: Гоза — Хлопковая коробочка],high,"решено ИИ, ждёт подтверждения"
слито по чтению Керимова,"qoch «qoç» ← qoch, baran",записи baran сверка прочла как это слово,выборочно проверить (низкий приоритет),keep → qoch,Сверка прочла во всех записях одно слово «qoç»; переводы Керимова/таблицы совпадают — это синоним или перевод того же узора. [сверка: baran → book_reading qoç; перевод Керимова «Баран»; схема t09_f02: Гоч — Баран Казахский; схема t19_f07: Гоч — Баран],high,"решено ИИ, ждёт подтверждения"
слито по чтению Керимова,"qonche «qönçə» ← qonche, qoncha",записи qoncha сверка прочла как это слово,выборочно проверить (низкий приоритет),keep → qonche,Сверка прочла во всех записях одно слово «qönçə»; переводы Керимова/таблицы совпадают — это синоним или перевод того же узора. [сверка: qonça → book_reading qönçə; схема t76_f06: Гонча — Бутон],high,"решено ИИ, ждёт подтверждения"
слито по чтению Керимова,"qebir «qəbir» ← qebir, mezar",записи mezar сверка прочла как это слово,выборочно проверить (низкий приоритет),keep → qebir,Сверка прочла во всех записях одно слово «qəbir»; переводы Керимова/таблицы совпадают — это синоним или перевод того же узора. [сверка: məzar → book_reading qəbir; перевод Керимова «Могила»; схема t47_f05: Габир — Могила],high,"решено ИИ, ждёт подтверждения"
слито по чтению Керимова,"uchayaq «sacayaq» ← secayag, seceq, uchayaq","записи seceq, uchayaq сверка прочла как это слово",выборочно проверить (низкий приоритет),keep → uchayaq,Саджаяг = треножник; все записи переводят «треножник». [сверка: səcayag → book_reading sacayaq; сверка: səcəq → book_reading sacayaq; перевод Керимова «треножник»; Керимов т. II (с. 162 эл.): «саджаяг» (треножник)],high,"решено ИИ, ждёт подтверждения"
слито по чтению Керимова,"sallama «sallama» ← sallama, asilan",записи asilan сверка прочла как это слово,выборочно проверить (низкий приоритет),keep → sallama,Сверка прочла во всех записях одно слово «sallama»; переводы Керимова/таблицы совпадают — это синоним или перевод того же узора. [сверка: asılan → book_reading sallama; перевод Керимова «Висячий»; схема t51_f06: Саллама — Висячка; схема t60_f06: Саллама — Висящий],high,"решено ИИ, ждёт подтверждения"
слито по чтению Керимова,"sumaxgulu «sumaxgülü» ← sumaxgulu, sumaq-chicheyi",записи sumaq-chicheyi сверка прочла как это слово,выборочно проверить (низкий приоритет),keep → sumaxgulu,Сверка прочла во всех записях одно слово «sumaxgülü»; переводы Керимова/таблицы совпадают — это синоним или перевод того же узора. [сверка: sumaq çiçəyi → book_reading sumaxgülü; перевод Керимова «Сумаховый цветок»; схема t70_f14: Сумахгюлю — Сумаховый цветок],high,"решено ИИ, ждёт подтверждения"
слито по чтению Керимова,"sunbuldaraq «sünbüldaraq» ← sunbuldaraq, daraq-sunbul",записи daraq-sunbul сверка прочла как это слово,выборочно проверить (низкий приоритет),keep → sunbuldaraq,Сверка прочла во всех записях одно слово «sünbüldaraq»; переводы Керимова/таблицы совпадают — это синоним или перевод того же узора. [сверка: daraq-sünbül → book_reading sünbüldaraq; перевод Керимова «Гребень-колос»; схема t34_f12: Сюмбюльдарах — Гребень-колос],high,"решено ИИ, ждёт подтверждения"
слито по чтению Керимова,"sigir-sidiyi «sığır sidiyi» ← sigir-sidiyi, genc-heyvan-sidiyi-izi",записи genc-heyvan-sidiyi-izi сверка прочла как это слово,выборочно проверить (низкий приоритет),keep → sigir-sidiyi,Сверка прочла во всех записях одно слово «sığır sidiyi»; переводы Керимова/таблицы совпадают — это синоним или перевод того же узора. [сверка: gənc heyvan sidiyi izi → book_reading sığır sidiyi; перевод Керимова «След мочи молодого животного»],high,"решено ИИ, ждёт подтверждения"
слито по чтению Керимова,"sekkizbucaqli-ulduzlar «səkkizbucaqlı ulduzlar» ← sekkizbucaqli-ulduzlar, sekkizgusheli-ulduzlar-2",записи sekkizgusheli-ulduzlar-2 сверка прочла как это слово,выборочно проверить (низкий приоритет),keep → sekkizbucaqli-ulduzlar,Сверка прочла во всех записях одно слово «səkkizbucaqlı ulduzlar»; переводы Керимова/таблицы совпадают — это синоним или перевод того же узора. [сверка: Səkkizguşəli ulduzlar → book_reading səkkizbucaqlı ulduzlar; перевод Керимова «восьмиугольные звезды»],high,"решено ИИ, ждёт подтверждения"
слито по чтению Керимова,"taxtamuje «taxtamüjə» ← taxtamuje, dereyine",записи dereyine сверка прочла как это слово,выборочно проверить (низкий приоритет),keep → taxtamuje,Сверка прочла во всех записях одно слово «taxtamüjə»; переводы Керимова/таблицы совпадают — это синоним или перевод того же узора. [сверка: dərəyinə → book_reading taxtamüjə; перевод Керимова «Деревянные ресницы»],high,"решено ИИ, ждёт подтверждения"
слито по чтению Керимова,"tag «tağ» ← tag, arka",записи arka сверка прочла как это слово,выборочно проверить (низкий приоритет),keep → tag,Сверка прочла во всех записях одно слово «tağ»; переводы Керимова/таблицы совпадают — это синоним или перевод того же узора. [сверка: arka → book_reading tağ; перевод Керимова «арка»],high,"решено ИИ, ждёт подтверждения"
слито по чтению Керимова,"tagalaq «tağalaq» ← tagalaq, cehre-hissesi",записи cehre-hissesi сверка прочла как это слово,выборочно проверить (низкий приоритет),keep → tagalaq,Сверка прочла во всех записях одно слово «tağalaq»; переводы Керимова/таблицы совпадают — это синоним или перевод того же узора. [сверка: cəhrə hissəsi → book_reading tağalaq; перевод Керимова «Часть прялки»; схема t48_f03: Тагалаг — Часть веретена],high,"решено ИИ, ждёт подтверждения"
слито по чтению Керимова,"tovuz «tovuz» ← tovus, tovuz, tovuz-qushu",записи tovuz-qushu сверка прочла как это слово,выборочно проверить (низкий приоритет),keep → tovuz,Сверка прочла во всех записях одно слово «tovuz»; переводы Керимова/таблицы совпадают — это синоним или перевод того же узора. [сверка: tovus → book_reading tovuz; сверка: tovuz quşu → book_reading tovuz; перевод Керимова «Павлин»; схема t18_f14: Тоус — Павлин; схема t18_f15: Тоус — Павлин],high,"решено ИИ, ждёт подтверждения"
слито по чтению Керимова,"vag «vaq» ← vag, vag-vag, vagam","записи vag-vag, vagam сверка прочла как это слово",выборочно проверить (низкий приоритет),keep → vag,"ваг/ваг-вак/вагами — одно слово ваг (изображение головы). [сверка: vağ-vağ → book_reading vaq; перевод Керимова «стилизованное изображение головы человека или животного»; сверка: vağam → book_reading vaq; Керимов т. II, с. 83 эл.: «вагами», напоминающими головы животных]",medium,"решено ИИ, ждёт подтверждения"
слито по чтению Керимова,"vaq-vaq «vaq-vaqı» ← vaq-vaq, vag-vagi",записи vag-vagi сверка прочла как это слово,выборочно проверить (низкий приоритет),keep → vaq-vaq,Сверка прочла во всех записях одно слово «vaq-vaqı»; значения не противоречат. [сверка: vağ-vağı → book_reading vaq-vaqı],medium,"решено ИИ, ждёт подтверждения"
слито по чтению Керимова,"vel «vəl» ← vel, xirman-taxtasi",записи xirman-taxtasi сверка прочла как это слово,выборочно проверить (низкий приоритет),keep → vel,Сверка прочла во всех записях одно слово «vəl»; переводы Керимова/таблицы совпадают — это синоним или перевод того же узора. [сверка: xırman taxtası → book_reading vəl; перевод Керимова «Молотильная доска»; схема t27_f09: Вәл — Молотильная доска; схема t27_f10: Вәл — Молотильная доска],high,"решено ИИ, ждёт подтверждения"
слито по чтению Керимова,"gulxetmi «xamankomançı» ← xemicomanci, gulxetmi",записи gulxetmi сверка прочла как это слово,выборочно проверить (низкий приоритет),keep → gulxetmi,Gülxətmi и Хаманкоманчи — оба значат «просвирняк»; сверка читает xamankomançı. [сверка: xəmicomancı → book_reading xamankomançı; перевод Керимова «Просвирняк»],high,"решено ИИ, ждёт подтверждения"
слито по чтению Керимова,"yelpik «yelpik» ← yelpik, veer",записи veer сверка прочла как это слово,выборочно проверить (низкий приоритет),keep → yelpik,Сверка прочла во всех записях одно слово «yelpik»; переводы Керимова/таблицы совпадают — это синоним или перевод того же узора. [сверка: veer → book_reading yelpik; перевод Керимова «Веер»; схема t27_f06: Елпик — Веер],high,"решено ИИ, ждёт подтверждения"
слито по чтению Керимова,"ovruk «yüyrük» ← yuruk-2, yuyuruk, ovruk",записи ovruk сверка прочла как это слово,выборочно проверить (низкий приоритет),keep → ovruk,Юйрук/Ойрюк — варианты одного названия каймы yüyrük («люлька»). [сверка: Yürük → book_reading yüyrük; перевод Керимова «Люлька»; сверка: yüyürük → book_reading yüyrük],medium,"решено ИИ, ждёт подтверждения"
слито по чтению Керимова,"zanbaq «zanbaq» ← zanbaq, kasatik",записи kasatik сверка прочла как это слово,выборочно проверить (низкий приоритет),keep → zanbaq,Сверка прочла во всех записях одно слово «zanbaq»; переводы Керимова/таблицы совпадают — это синоним или перевод того же узора. [сверка: kasatik → book_reading zanbaq; перевод Керимова «Касатик»; схема t93_f02: Занбаг — Касатик; схема t81_f02: Занбаг — Касатик],high,"решено ИИ, ждёт подтверждения"
слито по чтению Керимова,"chadir «çadır» ← chadir, shatir",записи shatir сверка прочла как это слово,выборочно проверить (низкий приоритет),keep → chadir,Сверка прочла во всех записях одно слово «çadır»; переводы Керимова/таблицы совпадают — это синоним или перевод того же узора. [сверка: şatır → book_reading çadır; перевод Керимова «Шатер»; схема t110_f05: Чадыр — Шатер],high,"решено ИИ, ждёт подтверждения"
слито по чтению Керимова,"charx «çarx» ← charx, cherx",записи cherx сверка прочла как это слово,выборочно проверить (низкий приоритет),keep → charx,Сверка прочла во всех записях одно слово «çarx»; переводы Керимова/таблицы совпадают — это синоним или перевод того же узора. [сверка: çərx → book_reading çarx; перевод Керимова «колесо»; схема t32_f05: Чарх — Колесо; схема t32_f06: Чарх — Колесо],high,"решено ИИ, ждёт подтверждения"
слито по чтению Керимова,"chaynik «çaynik» ← chaynik, chaydan",записи chaydan сверка прочла как это слово,выборочно проверить (низкий приоритет),keep → chaynik,"Сверка прочла во всех записях одно слово «çaynik»; переводы Керимова/таблицы совпадают — это синоним или перевод того же узора. [сверка: çaydan → book_reading çaynik; перевод Керимова «Чайник»; схема t109_f01: Чайник — Чайник Ханлыг Кар. Этот элемент, относящийся к средним векам, встречается в концах медальонов, а еще чаще в части серединной]",high,"решено ИИ, ждёт подтверждения"
слито по чтению Керимова,"chinar «çinar» ← chinar, qovaq",записи qovaq сверка прочла как это слово,выборочно проверить (низкий приоритет),keep → chinar,qovaq («тополь») — перевод Керимова для Чинар; таблица 19: Чинар = Тополь. [сверка: qovaq → book_reading çinar; перевод Керимова «Тополь»; схема t19_f10: Чинар — Тополь],high,"решено ИИ, ждёт подтверждения"
слито по чтению Керимова,"chichekli-buta «çiçəkli buta» ← chichekli-buta, gullu-buta",записи gullu-buta сверка прочла как это слово,выборочно проверить (низкий приоритет),keep → chichekli-buta,Сверка прочла во всех записях одно слово «çiçəkli buta»; переводы Керимова/таблицы совпадают — это синоним или перевод того же узора. [сверка: güllü buta → book_reading çiçəkli buta; перевод Керимова «Бута с цветком»],high,"решено ИИ, ждёт подтверждения"
слито по чтению Керимова,"chigqabuta «çıqqabuta» ← chigqabuta, chigga-buta",записи chigga-buta сверка прочла как это слово,выборочно проверить (низкий приоритет),keep → chigqabuta,"Чыггапута/чыггабута — одно слово. Примечание: это то же, что понятие ciqqa-buta-4 (пункт 79) — их стоит слить. [сверка: çığğa buta → book_reading çıqqabuta]",medium,"решено ИИ, ждёт подтверждения"
слито по чтению Керимова,"cheng «çəng» ← cheng, canqa, musiqi-aleti","записи canqa, musiqi-aleti сверка прочла как это слово",выборочно проверить (низкий приоритет),keep → cheng,Сверка прочла во всех записях одно слово «çəng»; переводы Керимова/таблицы совпадают — это синоним или перевод того же узора. [сверка: canqa → book_reading çəng; перевод Керимова «древний ближневосточный муз. инструмент (арфа)»; сверка: musiqi aləti → book_reading çəng; перевод Керимова «Музыкальный инструмент»; схема t11_f06: Ченг — Музыкальный инструмент Карабахский],high,"решено ИИ, ждёт подтверждения"
слито по чтению Керимова,"shabalidbuta «şabalıdbuta» ← shabalid-buta, shabalidbuta, shabalit-buta, buta-shabalid",записи buta-shabalid сверка прочла как это слово,выборочно проверить (низкий приоритет),keep → shabalidbuta,Сверка прочла во всех записях одно слово «şabalıdbuta»; переводы Керимова/таблицы совпадают — это синоним или перевод того же узора. [сверка: şabalıd buta → book_reading şabalıdbuta; перевод Керимова «Бута каштан»; сверка: şabalıt-buta → book_reading şabalıd buta; сверка: buta şabalıd → book_reading şabalıd buta; перевод Керимова «бута-каштан»],high,"решено ИИ, ждёт подтверждения"
слито по чтению Керимова,"shami-2 «şami» ← shami-2, qayma-shami",записи qayma-shami сверка прочла как это слово,выборочно проверить (низкий приоритет),keep → shami-2,"«Кайма-шами» — та же кайма шами. [сверка: qayma-şami → book_reading şami; Керимов т. II, с. 128: полоса «шами»]",medium,"решено ИИ, ждёт подтверждения"
слито по чтению Керимова,"shaxegulu «şaxəgülü» ← shaxegulu, shahakulu",записи shahakulu сверка прочла как это слово,выборочно проверить (низкий приоритет),keep → shaxegulu,Сверка прочла во всех записях одно слово «şaxəgülü»; переводы Керимова/таблицы совпадают — это синоним или перевод того же узора. [сверка: şahakülü → book_reading şaxəgülü; схема t25_f01: Шахәгюлю — Веточка с цветком],high,"решено ИИ, ждёт подтверждения"
слито по чтению Керимова,"shirni «şirni» ← shirni, ledenes",записи ledenes сверка прочла как это слово,выборочно проверить (низкий приоритет),keep → shirni,Сверка прочла во всех записях одно слово «şirni»; переводы Керимова/таблицы совпадают — это синоним или перевод того же узора. [сверка: ledenes → book_reading şirni; перевод Керимова «Леденец»; схема t41_f02: Ширни — Леденец; схема t41_f03: Ширни — Леденец],high,"решено ИИ, ждёт подтверждения"
слито по чтению Керимова,"shirvanbuta «şirvan buta» ← shirvanbuta, buta-shirvan",записи buta-shirvan сверка прочла как это слово,выборочно проверить (низкий приоритет),keep → shirvanbuta,Сверка прочла во всех записях одно слово «şirvan buta»; переводы Керимова/таблицы совпадают — это синоним или перевод того же узора. [сверка: buta Şirvan → book_reading şirvanbuta; перевод Керимова «Бута-Ширван»; схема t96_f07: Ширванбута — Бута Ширван; схема t96_f09: Ширванбута — Бута Ширван],high,"решено ИИ, ждёт подтверждения"
слито по чтению Керимова,"efshan «əfşan» ← afshan, efshan, afsham",записи afsham сверка прочла как это слово,выборочно проверить (низкий приоритет),keep → efshan,Afsham — опечатка Afshan в английском резюме. [сверка: afşan → book_reading əfşan; перевод Керимова «Разбросанный»; сверка: Afşam → book_reading əfşan],medium,"решено ИИ, ждёт подтверждения"
слито по чтению Керимова,"elibeyli «əlibəyli» ← elibeyli, alibeyli",записи alibeyli сверка прочла как это слово,выборочно проверить (низкий приоритет),keep → elibeyli,Сверка прочла во всех записях одно слово «əlibəyli»; переводы Керимова/таблицы совпадают — это синоним или перевод того же узора. [сверка: Alıbəyli → book_reading əlibəyli; перевод Керимова «Алибекли»; схема t149_f05: Алибейли — Алибекли Конахкенд и],high,"решено ИИ, ждёт подтверждения"
вариант написания?,alcha-gul «alçagül» ↔ alchagulu «alçagülü»,значение «цветок алычи»,слить в одно понятие,merge → alchagulu,«Алчагюль» и «Алчагюлю» — одно название в двух грамматических формах; значение одно — цветок алычи. [сверка: book_reading alçagül и alçagülü; схема t50_f08 «Алчагюлю» — «Цветок алычы»],high,"решено ИИ, ждёт подтверждения"
синоним?,ana-guller «ana güllər» ↔ anakuz «anakuz»,значение «материнские цветы»,синонимы: слить или связать,merge → anakuz,"«Анакуз» — слово, которое сам Керимов печатает в списке терминов т. I и переводит «материнские цветы»; «ana güllər» — лишь обратный перевод русского названия того же элемента (азерб. имени у записи нет). Одно понятие, основное имя — книжное anakuz. [сверка: anakuz → book_reading anakuz, перевод Керимова «материнские цветы» (т. I, стр. 94, файл page_366 — список терминов); ana-guller: azerb. имён нет, book_reading нет; т. I стр. 224–227 «Материнские цветы»]",high,"решено ИИ, ждёт подтверждения"
синоним?,ana-guller «ana güllər» ↔ ana-chichekleri «ana çiçəkləri»,значение «материнские цветы»,синонимы: слить или связать,merge → anakuz,"Обе записи — один и тот же русский раздел т. I «ОСНОВНЫЕ ЭЛЕМЕНТЫ „МАТЕРИНСКИЕ ЦВЕТЫ“» (те же страницы 226 и 59); азербайджанские формы придуманы сайтом. Сливать в общее понятие anakuz (книжное слово, см. п. 170). [ana-guller и ana-chichekleri: обе цитируют т. I стр. 226 и стр. 59 с заголовком «МАТЕРИНСКИЕ ЦВЕТЫ»; ни у одной нет book_reading и азерб. имён; сверка: anakuz = «материнские цветы» (п. 170)]",high,"решено ИИ, ждёт подтверждения"
синоним?,anakuz «anakuz» ↔ ana-chichekleri «ana çiçəkləri»,значение «материнские цветы»,синонимы: слить или связать,merge → anakuz,"То же, что п. 170–171: «анакуз» — книжный термин Керимова для «материнских цветов», «ana çiçəkləri» — перевод русского заголовка. Одно понятие. [сверка: anakuz → book_reading anakuz, перевод «материнские цветы»; ana-chichekleri: т. I стр. 226/59 «ОСНОВНЫЕ ЭЛЕМЕНТЫ „МАТЕРИНСКИЕ ЦВЕТЫ“», азерб. имён нет]",high,"решено ИИ, ждёт подтверждения"
синоним?,aggul «ağgül» ↔ ag-chichek «ağçiçək»,значение «белый цветок»,синонимы: слить или связать,unsure,"Оба значат «белый цветок» (ağ gül / ağ çiçək), и оба стоят на т. I стр. 12 и 27, но неясно — это одна фигура с двумя названиями или две соседние фигуры. Проверить сканы т. I стр. 12/12* и 27/27*: одна ли это статья (тогда merge, основное ağçiçək) или две разные (тогда separate). [сверка: ağçiçək → book_reading ağçiçək, «Белый цветок» (т. I стр. 12*/27*); сверка: ağgül → book_reading ağgül, «Белый цветок», статус wrong_name 1 / wrong_role 1; оба на одних страницах т. I (12, 27) как отдельные записи]",low,открыт
синоним?,bala-hashiyeler «bala haşiyələr» ↔ malye-kaymy «kiçik haşiyələr»,значение «малые каймы»,синонимы: слить или связать,merge → bala-hashiyeler,"«Бала хашиеляр» — книжный термин Керимова для «малых кайм», «kiçik haşiyələr» — обратный перевод сайта. Керимов в т. II прямо пишет: «Балахашие», или малая кайма. Одно понятие (тип каймы). [сверка: bala haşiyələr → book_reading bala haşiyələr, перевод «малые каймы» (т. I стр. 94, список терминов); Керимов т. II рус. (строка 5602): «„Балахашие“, или малая кайма, наполовину шире зенджире»; kichik-hashiyeler / malye-kaymy: book_reading нет, азерб. имён нет]",high,"решено ИИ, ждёт подтверждения"
синоним?,bayraq «bayraq» ↔ elem «ələm»,значение «знамя»,синонимы: слить или связать,separate,"Совпадение ложное: «знамя» у ələm — машинный перевод. Керимов переводит ələm как губинское название средней каймы, а bayraq — элемент «Знамя» (табл. 27). Разные вещи. [сверка: ələm → перевод Керимова «средняя кайма (губинское назв.)», роль border; сверка: bayraq → «Знамя», элемент; схема t27_f05 «Байраг — Знамя»]",high,"решено ИИ, ждёт подтверждения"
синоним?,bazibend «bazıbənd» ↔ bilerzik «bilərzik»,значение «браслет»,синонимы: слить или связать,separate,"Разные слова и разные фигуры: bazıbənd у Керимова — «Мужской браслет» (наручье, табл. 71), bilərzik — просто «Браслет» (другая фигура/кайма). Общий смысл «браслет» не делает их одним узором. [схема t71_f04 «Базыбенд — Мужской браслет»; сверка: kişi bilərzik → book_reading bazıbənd (wrong_name); сверка: bilərzik → book_reading bilərzik, «Браслет»]",medium,"решено ИИ, ждёт подтверждения"
синоним?,baga «bağa» ↔ tisbaga «tısbağa»,значение «черепаха»,синонимы: слить или связать,merge → tisbaga,"«Бага» и «тысбага» — одно и то же слово «черепаха» (бага — сокращённая/диалектная форма); Керимов сам на рус. стр. 25 пишет «Бага» для черепахи. Одно понятие, основное имя tısbağa. Схему t17_f05 (Чанахлы-бага) при этом снять с bağa и оставить у çanaqlı-bağa. [сверка: tısbağa → book_reading tısbağa, «Черепаха»; схема t17_f04; сверка: tisbaga-2 → book_reading bağa, «Черепаха» (т. I стр. 25); сверка: bağa → перевод Керимова «черепаха» (машинное «лягушка» неверно); схема t54_f04 «Бага — Черепаха»]",medium,"решено ИИ, ждёт подтверждения"
синоним?,baga «bağa» ↔ chanaqli-baga «çanaqlı-bağa»,значение «черепаха»,синонимы: слить или связать,related,"«Чанахлы-бага» — «черепаха с панцирем», отдельная фигура с собственным названием (табл. 17, рис. 5), вид черепахи. Связать как разновидность общего понятия bağa/tısbağa, не сливать. [схема t17_f05 «Чанахлы-бага — Черепаха», а t17_f04 — «Тысбага»: две разные фигуры одной таблицы; сверка: çanaqlı-bağa → book_reading çanaqlı-bağa]",medium,"решено ИИ, ждёт подтверждения"
синоним?,tisbaga «tısbağa» ↔ chanaqli-baga «çanaqlı-bağa»,значение «черепаха»,синонимы: слить или связать,related,"В одной таблице 17 Керимов даёт две разные фигуры: «Тысбага» (рис. 4) и «Чанахлы-бага» (рис. 5). Это разновидность черепахи с отдельным именем — связать, не сливать. [схемы t17_f04 «Тысбага» и t17_f05 «Чанахлы-бага», обе «Черепаха»; сверка: обе записи ok]",medium,"решено ИИ, ждёт подтверждения"
синоним?,belbagi «belbağı» ↔ kemer «kəmər»,значение «пояс»,синонимы: слить или связать,merge → kemer,"Керимов на рус. стр. 24 т. I даёт одну статью «Пояс» с тремя народными названиями: кемер / тогга / белбагы. Значит, это названия одного элемента «пояс» (табл. 30). Основное имя — kəmər. [сверка: запись kemer-toqqa-belbagi → book_reading «kəmər / toqqa / belbağı», перевод «Пояс» (т. I стр. 24); схемы табл. 30: t30_f02 «Кемер — Пояс», t30_f04 «Белбагы — Пояс», t30_f05/06/09/10 «Тогга — Пояс»]",medium,"решено ИИ, ждёт подтверждения"
синоним?,belbagi «belbağı» ↔ toqqa-poqas «toqqa»,значение «пояс»,синонимы: слить или связать,merge → kemer,"Тогга и белбагы — два из трёх названий, которые Керимов даёт одной статье «Пояс» (т. I стр. 24). Сливать в общее понятие kəmər. Заметка: отдельное понятие toqqa (п. 220, схемы t30_f05… «Пояс») тоже относится сюда. [сверка: kəmər / toqqa / belbağı — одна запись, «Пояс» (т. I стр. 24); сверка: toqqa-poqas → book_reading toqqa, «пояс» (т. III стр. 44); схема t30_f04 «Белбагы — Пояс»]",medium,"решено ИИ, ждёт подтверждения"
синоним?,kemer «kəmər» ↔ toqqa-poqas «toqqa»,значение «пояс»,синонимы: слить или связать,merge → kemer,"Кемер и тогга — названия одного элемента «Пояс» в статье Керимова (т. I стр. 24). Одно понятие, основное имя kəmər. [сверка: kəmər / toqqa / belbağı → «Пояс» (т. I стр. 24); схемы t30_f02 «Кемер — Пояс» и t30_f05 «Тогга — Пояс»]",medium,"решено ИИ, ждёт подтверждения"
синоним?,beshik «beşik» ↔ ovruk «yüyrük»,значение «люлька»,синонимы: слить или связать,separate,"Оба слова значат «люлька», но это разные узоры: beşik — элемент поля (табл. 44, 102), yüyrük — серединная кайма (табл. 45; т. II: кайма «юйрюк»). Схему t45_f05 нужно перепривязать к yüyrük (см. п. 228). [схемы t44_f08, t102_f05 «Бешик — Люлька»; t45_f05 «Юйрук — Люлька»; Керимов т. II рус., с. 181–182: «характерна серединная кайма „юйрюк“ (люлька)»; сверка: все записи ovruk/yuyuruk/yuruk-2 → book_reading yüyrük, роль border]",medium,"решено ИИ, ждёт подтверждения"
синоним?,butali «butalı» ↔ butali-islimi «butalı islimi»,значение «миндалевидный ислими»,синонимы: слить или связать,merge → butali-islimi,"Керимов в т. II перечисляет виды ислими: «буталы (миндалевидный)» — это короткое имя того же «буталы ислими». Запись butali (т. II стр. 228, перевод «миндалевидный ислими») сливается с butali-islimi. НО: схема t139_f05 «Буталы — Бута» и упоминание Hüseynov (кайма с бутами вправо-влево) — другая вещь (кайма с бутами); их отвязать от ислими. [Керимов т. II рус., с. 77: «саде, ганадлы, хачалы, буталы (миндалевидный) и хорме»; с. 78: «буталы ислими (рис. 48-4)»; т. II англ. список: «4. Butaly — almond-shaped Islimi»; схема t139_f05 «Буталы», перевод «Бута» — кайма, не ислими]",medium,"решено ИИ, ждёт подтверждения"
синоним?,behli «bəhli» ↔ gilas «gilas»,значение «черешня»,синонимы: слить или связать,related,"Керимов прямо пишет: «по местной терминологии бәһли означает гилас (черешня)». Но bəhli — кайма, а gilas — элемент поля (табл. 90), то есть название одно по смыслу, узоры разные. Связать. [т. I стр. 052, цитата: «Јерли истилаһа көрә бәһли килас демәкдир»; сверка: gilas-2 (рус. стр. 29) → book_reading bəhli; схема t90_f02 «Гилас — Черешня»; bəhli — роль border]",high,"решено ИИ, ждёт подтверждения"
синоним?,cucgoz «Cücgöz» ↔ cucezu «cücəzü»,значение «цыплячий глаз»,синонимы: слить или связать,merge → cucezu,"«Cücgöz» (Hüseynov) и «cücəzü» (Керимов) — одно название «цыплячий глаз» в двух написаниях, и оба — бордюрная полоса. Одно понятие, основное — книжное cücəzü. [сверка: cucezu → book_reading cücəzü, «цыплячий глаз», роль border (т. I стр. 13*); Hüseynov 2012, с. 84: Cücgöz — тип каймы siçandişi, Ширван]",medium,"решено ИИ, ждёт подтверждения"
синоним?,daraq «daraq» ↔ shana «şana»,значение «гребень»,синонимы: слить или связать,separate,"Разные слова и разные фигуры. В легенде табл. 10 Керимов переводит «Шана» как «Вилы», а «Дараг» (табл. 28) — «Гребень»; совпадение «гребень» у şana — из ткацкого инструмента, не из узора. [схема t10_f07 «Шана — Вилы»; схемы t28_f01–f06 «Дараг — Гребень»; сверка: şana — перевод «гребень (дараг) — прибивает ряды утка» (т. I стр. 3, про инструмент)]",high,"решено ИИ, ждёт подтверждения"
вариант написания?,dilik «dilik» ↔ dilerekli «dilikli»,значение «зубчатый»,слить в одно понятие,related → dilik,"«Диликли» (зубчатый) — производное от «дилик» (зубец), это разные слова в книге. [сверка: book_reading dilik и dilikli — разные слова; модель: слово-производное → related]",high,"решено ИИ, ждёт подтверждения"
синоним?,dilik «dilik» ↔ dish-dish «diş-diş»,значение «зубчатый»,синонимы: слить или связать,separate,"Diş-diş и dilik стоят у Керимова на одной странице (т. I стр. 13*) как две отдельные каймы с разными именами. Общий смысл «зубчатый» — не повод сливать. [сверка: diş-diş → book_reading diş-diş, т. I стр. 13*; сверка: dilək → book_reading dilik, т. I стр. 13* (отдельная запись); dilik: т. I стр. 29* «Зубчатый. Орнамент древнего происхождения.»]",medium,"решено ИИ, ждёт подтверждения"
синоним?,dilerekli «dilikli» ↔ dish-dish «diş-diş»,значение «зубчатый»,синонимы: слить или связать,separate,"Dilikli — элемент (украшения из Мингечаура), diş-diş — кайма; слова разные. Совпадает только русский перевод. (Dilikli — производное от dilik, это отдельная связь.) [сверка: dilerekli, dishli-2 → book_reading dilikli, роль element (т. I стр. 024, 110); сверка: diş-diş → роль border, т. I стр. 13*]",medium,"решено ИИ, ждёт подтверждения"
синоним?,qivrim «dolama» ↔ qivrim-2 «qıvrım»,значение «завиток»,синонимы: слить или связать,separate,"Керимов даёт два разных названия в разных таблицах: «Долама» (табл. 51, рис. 5) и «Гыврым» (табл. 52–55). Оба переводит «Завиток», но это разные фигуры. Схему t52_f05 «Гыврым» убрать с понятия dolama — она принадлежит qıvrım. [сверка: запись qivrim → book_reading dolama (wrong_name 3); схема t51_f05 «Долама — Завиток»; t52_f05/f10, t53_f06, t55_f01 «Гыврым — Завиток»; сверка: qivrim-2 → book_reading qıvrım, ok 4]",medium,"решено ИИ, ждёт подтверждения"
синоним?,dirnaqli «dırnaqlı» ↔ qaynagi «qıynaq»,значение «коготь»,синонимы: слить или связать,separate,"В табл. 50 Керимов даёт две разные фигуры: «Гайнаг» (рис. 4) и «Дырнаглы» (рис. 6), обе «Коготь». Разные имена разных фигур — разные понятия. Проверить: схема t50_f04 «Гайнаг» сейчас висит на dırnaqlı, вероятно должна быть у qıynaq/qaynaq. [схемы t50_f04 «Гайнаг — Коготь» и t50_f06 «Дырнаглы — Коготь»; сверка: qaynağı → book_reading qıynaq, перевод Керимова «Коготь» (машинное «источник» неверно); сверка: dirnaqli → book_reading dırnaqlı]",medium,"решено ИИ, ждёт подтверждения"
вариант написания?,goz «göz» ↔ gozlu «gözlü»,значение «глаз»,слить в одно понятие,related → goz,"«Гёзлю» (с глазками) — производное от «гёз» (глаз). Схему t15_f03 «Гёз» надо отвязать от gözlü — она относится к göz. [сверка: book_reading göz и gözlü; kozlu → gözlü, kt «с глазками»; схема t15_f03 «Гёз» — «Глаз» привязана к обоим понятиям]",high,"решено ИИ, ждёт подтверждения"
вариант написания?,gubbe «gübbə» ↔ qubbe «qübbə»,значение «купол»,слить в одно понятие,merge → qubbe,"«Гюббə» и «губбə» — одно слово «купол» в разной записи. Понятие qubba (п. 33–34, «губпа») — скорее всего, тоже оно; стоит слить. [сверка: qübbə kt «купол»; names «Губпа»; т. I, с. 13: «Әслиндә губба демәкдир»; Керимов т. II, с. 79: «губпа (купол)»]",high,"решено ИИ, ждёт подтверждения"
синоним?,gul «gül» ↔ chichek «çiçək»,значение «цветок»,синонимы: слить или связать,separate,"Gül и çiçək — два разных общих слова для цветка; Керимов использует каждое как отдельное имя для многих разных фигур (Гюль — табл. 39, 63, 106; Чичек — табл. 29, 77, 93, 166). Сливать нельзя. [схемы «Гюль — Цветок» (t39_f07, t63_f01, t106_f01…) и «Чичек — Цветок» (t29_f04, t93_f01, t166_f02…) — разные фигуры; сверка: обе записи в основном ok, book_reading gül и çiçək]",medium,"решено ИИ, ждёт подтверждения"
синоним?,gulabgulu-2 «gülabgülü» ↔ qaychi-ve-ya-qizil-gul «qayçı və ya qızıl gül»,значение «роза»,синонимы: слить или связать,separate,"«Гейчи или гызыл гюль» — это малая кайма (так пишет Керимов в т. II), а gülabgülü — элемент «Роза» шейха Сефи (табл. 90, 91). Разные вещи. [Керимов т. II рус. (ковер «Угах»): «малая кайма, известная … под названием „гейчи“ или „гызыл гюль“ (роза)»; схемы t90_f13, t91_f09 «Гюлабгюлю — Роза»; роль element]",high,"решено ИИ, ждёт подтверждения"
синоним?,gulabgulu-2 «gülabgülü» ↔ qizilgul «qızılgül»,значение «роза»,синонимы: слить или связать,separate,"Разные народные имена разных фигур: «Гызылгюль» (табл. 82, 85) и «Гюлабгюлю» (табл. 90, 91). Обе переводятся «Роза», но это не варианты одного слова. [схемы t82_f10, t85_f05 «Гызылгюль — Роза»; схемы t90_f13, t91_f09 «Гюлабгюлю — Роза»; сверка: book_reading qızılgül и gülabgülü]",medium,"решено ИИ, ждёт подтверждения"
синоним?,qaychi-ve-ya-qizil-gul «qayçı və ya qızıl gül» ↔ qizilgul «qızılgül»,значение «роза»,синонимы: слить или связать,related,"Кайма «гейчи» имеет второе народное имя «гызыл гюль» — то же слово, что элемент qızılgül. Но кайма и элемент — разные узоры. Связать. Заметка: в т. I qeyçi «также называют „чахмаглы гызылгюль“» — кайма, вероятно, то же, что qeyçi (п. 214), проверить. [Керимов т. II рус.: малая кайма «„гейчи“ или „гызыл гюль“ (роза)»; сверка: qızılgül → роль element, схемы t82_f10, t85_f05; т. I стр. 14 (qeyçi): «„Чахмаглы гызылгүл“ дә адланыр»]",medium,"решено ИИ, ждёт подтверждения"
синоним?,erik «gəysi» ↔ qaysi «qeysi»,значение «абрикос»,синонимы: слить или связать,merge → qaysi,"«Гейси» и «гэйси» — одно и то же диалектное слово «абрикос» в двух прочтениях (у Керимова «гејси»). Одно понятие. [сверка: qaysı → book_reading qeysi (т. I стр. 11, «гејси»); сверка: ərik → book_reading gəysi, «Абрикос» (т. I стр. 26); Керимов т. II рус.: «гейси бешах»]",medium,"решено ИИ, ждёт подтверждения"
вариант написания?,qaysibishaq «gəysibişax» ↔ qeysibishah «qeysibişax»,значение «абрикос с веточкой»,слить в одно понятие,merge → qeysibishah,Обе записи — «Гейсибишах» (абрикос с веточкой); разница только в латинской транслитерации. [сверка: book_reading gəysibişax / qeysibişax; кириллица в обоих «Гейсибишах»; kt обоих: «Абрикос с веточкой»],high,"решено ИИ, ждёт подтверждения"
синоним?,xachali «haçalı» ↔ xachali-islimi «haçalı islimi»,значение «раздвоенный ислими»,синонимы: слить или связать,merge → xachali-islimi,"Керимов называет виды ислими короткими именами: «хачалы (раздвоенный)» — это тот же «хачалы ислими». Одно понятие. [Керимов т. II рус., с. 77: «… хачалы (раздвоенный), буталы …»; «3. Хачалы ислими (раздвоенный ислими)»; т. II англ.: «3. Khachaly — double Islimi»; сверка: обе записи → перевод «раздвоенный ислими» (машинное «крестообразный» неверно)]",high,"решено ИИ, ждёт подтверждения"
синоним?,inek «inək» ↔ sigir «sığır»,значение «корова»,синонимы: слить или связать,separate,"Совпадение ложное. Запись sığır — название миниатюры в списке иллюстраций т. II, а схема t135_f01 — «Сыгыр сидийи» = «след мочи молодого животного» (имя разрезано). Inək — элемент «Корова» (табл. 19). Разные вещи; имя схемы t135_f01 исправить на «Sığır sidiyi». [т. II англ. список иллюстраций: «106. Miniature. Ceremony of Hunting. ""Sygyr""»; схема t135_f01: name «Сыгыр», translation «сидийи След мочи молодого животного»; схема t19_f06 «Инәк — Корова»]",high,"решено ИИ, ждёт подтверждения"
вариант написания?,biber «istiot» ↔ istot «istot»,значение «перец»,слить в одно понятие,merge → istot,«Истот» и «истиот» — одно слово «перец»; в таблице 90 у Керимова написано «Истот». [сверка: bibər → book_reading istiot; istot → istot; схема t90_f01 «Истот» — «Перец»],medium,"решено ИИ, ждёт подтверждения"
синоним?,qashi-2 «kaşı» ↔ qashi-kerpic «kaşı kərpic»,значение «глазурованный кирпич»,синонимы: слить или связать,related,"Kaşı — кайма («Кашы», она же «Башир кызы», бакинские «Хиле»), kaşı kərpic — элемент поля «глазурованный кирпич» (табл. 46). Второе название содержит первое, но узоры разные — связь, не слияние. [сверка: qashi-2 → book_reading kaşı, роль в основном border; т. I: «„Бәшир гызы“ да адланыр»; Керимов т. II рус.: кайма «„баширкызы“ или „кашы“» ковров «Хиле»; «„кашы“ (майолика)»; схема t46_f02 «Кашыкерпич — Глазурованный кирпич»]",medium,"решено ИИ, ждёт подтверждения"
вариант написания?,kilim-gul «kilimgül» ↔ kilim-gulu «kilimgülü»,значение «цветок килима»,слить в одно понятие,merge → kilim-gulu,"«Килимгюль» и «Килимгюлю» — одно название; таблицы Керимова пишут «Килимгюлю». [сверка: book_reading kilimgül и kilimgülü; схемы t60_f04, t36, t37 «Килимгюлю» — «Килимовый цветок»]",high,"решено ИИ, ждёт подтверждения"
вариант написания?,kvadratlar-ve-duzbucaqlilar «kvadratlar və düzbucaqlılar» ↔ kvadrat-ve-duzbucaqlilar «kvadrat və düzbucaqlılar»,значение «квадраты и прямоугольники»,слить в одно понятие,merge → kvadratlar-ve-duzbucaqlilar,"Одно и то же описание «квадраты и прямоугольники», отличается только число слова. [сверка: обе ok, значения совпадают]",medium,"решено ИИ, ждёт подтверждения"
синоним?,kuchuq «küçük» ↔ tula «tula»,значение «щенок»,синонимы: слить или связать,separate,В табл. 18 Керимов даёт две разные фигуры: «Кучук» (рис. 2) и «Тула» (рис. 4); а в табл. 9 «Тула» переведена «Охотничья собака». Разные слова и фигуры. [схема t18_f02 «Кучук — Щенок»; t18_f04 «Тула — Щенок»; t09_f01 «Тула — Охотничья собака»; сверка: küçük и tula — отдельные записи на т. I стр. 8],medium,"решено ИИ, ждёт подтверждения"
синоним?,muje «müjə» ↔ muje-muje «müjə-müjə»,значение «ресница»,синонимы: слить или связать,merge → muje-muje,"Керимов (т. II) пишет, что мелкая бордюрная цепочка «аламунджук» в ковре называется «сичандиши», «гяндуме», «муж-мужа» (ресница). Hüseynov называет ту же siçandişi «müjə». Это одно название в двух формах. [Керимов т. II рус. (строка 5550): «… „сичандиши“ (мышиные зубки), „гяндуме“ (зернышко), „муж-мужа“ (ресница)»; Hüseynov 2012, с. 84: «Самые известные siçandişi — „müjə“ (ресницы)»; сверка: müjə-müjə → book_reading müjə-müjə]",high,"решено ИИ, ждёт подтверждения"
синоним?,meshel «məşəl» ↔ shamal «şamal»,значение «факел»,синонимы: слить или связать,merge → meshel,"Это одна и та же кайма «факел». В тексте Керимова (т. II) стоит «машал» (факел), в Карабахе — «шамдан»; «шамал» в записи сайта — ошибка чтения того же места. В т. I тоже: «в Карабахе называется „шамданлы“». [Керимов т. II рус. (строка 5783): «серединную полосу, известную в Азербайджане, как „машал“ (факел), в Карабахе — „шамдан“»; т. II: «„шамданлы“ (с подсвечником) или „мешэл“ (факел)»; т. I стр. 052 (məşəl): «Гарабағда „шамданлы“ да адланыр»]",high,"решено ИИ, ждёт подтверждения"
синоним?,nagqash «naqqaş» ↔ naxish «sərmə»,значение «узор»,синонимы: слить или связать,separate,"Naqqaş — конкретная фигура (табл. 36, 44: «Узор», «Тонкий узор»), а naxış/sərmə — общее слово «узор» (роль generic). Разные вещи. Само понятие naxish смешанное (нахыш/серме/бэзэк) — его стоит разобрать отдельно. [схемы t36_f01 «Наггаш — Узор», t44_f07 «Наггаш — Тонкий узор»; сверка: naxış → book_reading sərmə (wrong_name 3), роль generic]",medium,"решено ИИ, ждёт подтверждения"
вариант написания?,nargul «nargül» ↔ nar-chicheyi «nargülü»,значение «гранатовый цветок»,слить в одно понятие,merge → nargul,"«Наргюль» и «Наргюлю» — одно название (гранатовый цветок) в двух формах; «nar çiçəyi» придумано сайтом. [сверка: nar çiçəyi → book_reading nargülü; nargül ok; схемы t87_f03, t88_f01, t83_f06 «Наргюль» и t80_f02 «Наргюлю» — «Гранатовый цветок»]",high,"решено ИИ, ждёт подтверждения"
синоним?,surgu «padnos» ↔ sini «sini»,значение «поднос»,синонимы: слить или связать,separate,"Слова разные и значения у Керимова разные: «паднос» он переводит как «медальон» (мотив), «сини» — «Поднос/Круглый поднос» (элемент, табл. 40, 122). [сверка: sürgü → book_reading padnos, перевод Керимова «медальон» (т. I стр. 6); схемы t40_f08 «Сини — Поднос», t122_f01 «Сини — Круглый поднос»]",medium,"решено ИИ, ждёт подтверждения"
вариант написания?,qarmaqli «qarmaqlı» ↔ qarmaqlilar «qarmaqlılar»,значение «крючкообразные»,слить в одно понятие,merge → qarmaqli,"«Гармаглылар» — множественное число от «гармаглы» (крючкообразные); одно понятие. [сверка: обе ok; kt «Крючкообразные»; схемы t12_f07, t52 «Гармахлы»]",medium,"решено ИИ, ждёт подтверждения"
синоним?,qaychi-2 «qayçı» ↔ qeychi «qeyçi»,значение «ножницы»,синонимы: слить или связать,merge → qeychi,"«Гайчы» и «гейчи» — одно слово «ножницы» в двух написаниях (у Керимова «гејчи»). Одно понятие, основное — книжное qeyçi. [сверка: qeychi → book_reading qeyçi, «Ножницы», ok 4; сверка: qaychi (т. I стр. 15, «гејчи») → book_reading qeyçi; сверка: qaychi-2 → book_reading qayçı, «Ножницы» (т. I стр. 104)]",high,"решено ИИ, ждёт подтверждения"
вариант написания?,qaychibaliq «qayçıbalıq» ↔ qeychibaliq «qeyçibalıq»,значение «рыба-ножницы»,слить в одно понятие,merge → qeychibaliq,Одно название «Гейчибалыг» (рыба-ножницы) в двух транслитерациях. [сверка: book_reading qayçıbalıq / qeyçibalıq; kt обоих «Рыба-ножницы»],high,"решено ИИ, ждёт подтверждения"
синоним?,samavar «samovar» ↔ samavar-2 «simavar»,значение «самовар»,синонимы: слить или связать,merge → samavar-2,"Одна и та же фигура «Симавар — Самовар» (табл. 34, рис. 8): обе записи привязаны к одной схеме. Варианты написания одного слова. [обе записи → схема t34_f08 «Симавар — Самовар»; т. I стр. 9: «Самавар демәкдир» (= «означает самовар»); сверка: book_reading simavar / samovar]",high,"решено ИИ, ждёт подтверждения"
вариант написания?,stilize-edilmish-heyvan-shekilleri «stilize edilmiş heyvan şəkilləri» ↔ stilleshmish-heyvan-shekilleri «stilləşmiş heyvan şəkilləri»,значение «стилизованные изображения животных»,слить в одно понятие,merge → stilleshmish-heyvan-shekilleri,Одно и то же описание «стилизованные изображения животных»; в книге — «стилләшмиш». [сверка: stilləşmiş … book_reading совпадает; у второй записи book_reading нет],medium,"решено ИИ, ждёт подтверждения"
синоним?,tahanq-uzum-yarpagi «tahanq» ↔ uzum-yarpagi «tənək yarpağı»,значение «виноградный лист»,синонимы: слить или связать,unsure,"Таханг у Керимова — элемент ковра «Угах» (т. II: «„таханг“ (виноградный лист)»; табл. 63 рис. 4 «Лоза виноградная»). Неясно, та ли это фигура, что «tənək yarpağı» на т. I стр. 97–98. Проверить скан т. I стр. 97–98: относится ли «виноградный лист» к табл. 63 / ковру «Угах». [Керимов т. II рус. (строка 7382): «Этот элемент, называемый в народе „таханг“ (виноградный лист)» — ковер «Угах»; схема t63_f04 «Таханг — Лоза виноградная», Угах; сверка: uzum-yarpagi → book_reading tənək yarpağı (т. I стр. 097–098)]",low,открыт
синоним?,tavus «tavus» ↔ tovuz «tovuz»,значение «павлин»,синонимы: слить или связать,merge → tovuz,"«Тавус», «Таус», «Тоус» — написания одного слова «павлин»; обе записи уже указывают на одни и те же схемы табл. 18 «Тоус — Павлин». Одно понятие. [схемы t18_f14–f16 «Тоус — Павлин» привязаны к обоим понятиям; сверка: tovuz → book_reading tovuz, «Павлин»; tavus → book_reading tavus]",high,"решено ИИ, ждёт подтверждения"
синоним?,toqqa «toqqa» ↔ toqqaqabagi «toqqaqabağı»,значение «пряжка»,синонимы: слить или связать,related,"В табл. 30 это разные фигуры: «Тогга» (рис. 5, 6, 9, 10 — «Пояс») и «Тоггагабагы» (рис. 1, 7, 8 — «Пряжка»). Второе название образовано от первого («передняя часть пряжки») — связь, не слияние. Значение «пряжка» у понятия toqqa на сайте противоречит легенде («Пояс»). [схемы t30_f05/f06/f09/f10 «Тогга — Пояс»; схемы t30_f01/f07/f08 «Тоггагабагы — Пряжка»; сверка: toqqa-qabagi → book_reading toqqa qabağı, «Пряжка»]",high,"решено ИИ, ждёт подтверждения"
синоним?,ulduzlu «ulduzlu» ↔ ulduzlu-2 «yıldızlı»,значение «звездный»,синонимы: слить или связать,related,"Одно слово «звезда» в двух написаниях (ылдыз/улдуз), но у Керимова это разные узоры: «Ылдызлы» — кайма (перевод «Звездочка»), «Улдузлу» — элемент табл. 41 («Звездный»). Связать, не сливать. [сверка: ulduzlu-2 → book_reading yıldızlı, перевод «Звездочка», роль border; Hüseynov: ara haşiyə; схема t41_f04 «Улдузлу — Звездный», роль element]",medium,"решено ИИ, ждёт подтверждения"
вариант написания?,xarxovuz «xarxovuz» ↔ cherxouz «çarhovuz»,значение «бассейн»,слить в одно понятие,merge → cherxouz,"«Чархоуз» (бассейн) — одно слово; «xarxovuz» — искажённое написание. [kt обоих: «бассейн»; Керимов т. II, с. 167: «назвали эти гели «чархоуз» (бассейн)»]",high,"решено ИИ, ждёт подтверждения"
синоним?,chalgi «çalğı» ↔ cheng «çəng»,значение «музыкальный инструмент»,синонимы: слить или связать,separate,"Çəng — конкретный инструмент (арфа), отдельная фигура «Ченг» (табл. 11); çalğı — общее слово «музыкальный инструмент», другая фигура «Чалгы» (табл. 109). Разные слова и фигуры. [схема t11_f06 «Ченг — Музыкальный инструмент»; t109_f03 «Чалгы — Музыкальный инструмент»; сверка: canqa → book_reading çəng, «древний ближневосточный муз. инструмент (арфа)»]",medium,"решено ИИ, ждёт подтверждения"
схема: имя ≠ понятие,"t10_f03 «Zilinaxışı» (табл. 10, рис. 3)",привязана к zili «zili»,проверить привязку,attach → zili,"Имя схемы «Зилинахышы» = «узор зили», так и перевёл Керимов. Привязка к понятию zili по смыслу верна; расхождение только в форме имени (это «узор зили», а не «зили»). [схема t10_f03: name_book «Зилинахышы», translation «Узор зили» (Карабахский зили)]",medium,"решено ИИ, ждёт подтверждения"
схема: имя ≠ понятие,"t10_f06 «Zilinaxışı» (табл. 10, рис. 6)",привязана к zili «zili»,проверить привязку,attach → zili,"Как и п. 224: «Зилинахышы» = «узор зили» (казахский зили). Привязка к zili верна. [схема t10_f06: name_book «Зилинахышы», translation «Узор зили», примечание «Напоминает стаю гусей»]",medium,"решено ИИ, ждёт подтверждения"
схема: имя ≠ понятие,"t24_f11 «Sarı» (табл. 24, рис. 11)",привязана к sari-bulbul «sarı bülbül»,проверить привязку,attach → sari-bulbul,"Имя разрезано при разборе таблицы: на самом деле «Сары бюльбюль» — «Желтый соловей». Привязка к sari-bulbul верна; поправить имя схемы на «Sarı bülbül». [схема t24_f11: name «Сары», translation «бюльбюль Желтый соловей» — вторая часть имени попала в перевод]",high,"решено ИИ, ждёт подтверждения"
схема: имя ≠ понятие,"t40_f03 «Qapı» (табл. 40, рис. 3)",привязана к qapi-naxishi «qapı naxışı»,проверить привязку,attach → qapi-naxishi,"Имя разрезано: полностью «Гапы нахышы» («узор двери»), перевод — «Узор». Привязка к qapi-naxishi верна; поправить имя схемы. [схема t40_f03: name «Гапы», translation «нахышы Узор» — «нахышы» часть имени]",high,"решено ИИ, ждёт подтверждения"
схема: имя ≠ понятие,"t45_f05 «Yuyruk» (табл. 45, рис. 5)",привязана к beshik «beşik»,проверить привязку,reattach → ovruk,"Схема «Юйрук» — это кайма юйрюк, а не элемент бешик. Перепривязать к понятию yüyrük (ovruk). [схема t45_f05: name_book «Юйрук», «Люлька»; сверка: записи ovruk/yuyuruk/yuruk-2 → book_reading yüyrük, роль border; Керимов т. II рус.: «серединная кайма „юйрюк“ (люлька)»]",high,"решено ИИ, ждёт подтверждения"
схема: имя ≠ понятие,"t52_f09 «Bala» (табл. 52, рис. 9)",привязана к balaqivrim «balaqıvrım»,проверить привязку,attach → balaqivrim,"Имя разрезано: полностью «Бала гыврым» — «Маленький завиток». Привязка к balaqivrim верна; поправить имя схемы. [схема t52_f09: name «Бала», translation «гыврым Маленький завиток»]",high,"решено ИИ, ждёт подтверждения"
схема: имя ≠ понятие,"t63_f04 «Taxang» (табл. 63, рис. 4)",привязана к tenek «tənək»,проверить привязку,reattach → tahanq-uzum-yarpagi,"Схема «Таханг» из ковра «Угах» — это элемент «таханг», о котором Керимов пишет в т. II. Перепривязать от tənək к понятию tahanq. [схема t63_f04: name_book «Таханг», «Лоза виноградная», ковер «Угах»; Керимов т. II рус. (строка 7382), ковер «Угах»: «элемент, называемый в народе „таханг“ (виноградный лист)»]",high,"решено ИИ, ждёт подтверждения"
схема → понятие?,t06_f01 «Xaçlı» «Крестообразный» → xachali «haçalı» «раздвоенный ислими»,"имя похоже (0.91), значение согласно",привязать,separate,"Это разные слова: в схеме «xaçlı» — «крестообразный», а понятие — «haçalı», вид ислими «раздвоенный». Керимов (т. II) переводит haçalı именно как «раздвоенный ислими», не «крестообразный». [сверка: xaçalı → book_reading haçalı, kerimov_translation «раздвоенный ислими» (wrong_translation); Керимов т. II рус., эл. с. 78: «Хачалы ислими (раздвоенный ислими) напоминает сломанную ветку»; легенда схемы t06_f01: Хачлы = «Крестообразный»]",high,"решено ИИ, ждёт подтверждения"
схема → понятие?,t104_f03 «Geyçi» «Ножницы» → qeychi «qeyçi» «ножницы»,"имя похоже (1.00), значение согласно",привязать,attach → qeychi,"Название схемы «Geyçi» (Гейчи) — то же слово, что «qeyçi» в книге, и перевод в легенде («Ножницы») совпадает со значением понятия. [легенда t104_f03: Гейчи = «Ножницы»; сверка: book_reading qeyçi; kerimov_translation «Ножницы»]",high,"решено ИИ, ждёт подтверждения"
схема → понятие?,t136_f05 «Qaragez» «Черный глаз» → qaraqoz «qaragöz» «черноглазый»,"имя похоже (0.86), значение согласно",привязать,attach → qaraqoz,"Название схемы «Qaragez» (Гарагез) — то же слово, что «qaragöz» в книге, и перевод в легенде («Черный глаз») совпадает со значением понятия. [легенда t136_f05: Гарагез = «Черный глаз»; сверка: book_reading qaragöz; kerimov_translation «Черный глаз»]",high,"решено ИИ, ждёт подтверждения"
схема → понятие?,t113_f02 «Xeyvanlapiri» «Животный след» → heyvanlepiri «heyvanləpiri» «животный след»,"имя похоже (0.83), значение согласно",привязать,attach → heyvanlepiri,"Название схемы «Xeyvanlapiri» (Хейванлапири) — то же слово, что «heyvanləpiri» в книге, и перевод в легенде («Животный след») совпадает со значением понятия. [легенда t113_f02: Хейванлапири = «Животный след»; сверка: book_reading heyvanləpiri; kerimov_translation «Животный след»]",high,"решено ИИ, ждёт подтверждения"
схема → понятие?,t78_f04 «Palıt» «Дуб» → palid «palıd» «Дуб»,"имя похоже (0.80), значение согласно",привязать,attach → palid,"Название схемы «Palıt» (Палыт) — то же слово, что «palıd» в книге, и перевод в легенде («Дуб») совпадает со значением понятия. [легенда t78_f04: Палыт = «Дуб»; сверка: book_reading palıd; kerimov_translation «Дуб»]",high,"решено ИИ, ждёт подтверждения"
схема → понятие?,"t167_f01 «Gerdekbaşı» «См. прим. к рис. 3, табл.» → gerdekbashi «gərdəkbaşı» «навес для брачной постели»","имя похоже (1.00), значение не сверено",проверить,attach → gerdekbashi,"Название схемы полностью совпадает с понятием «gərdəkbaşı» по книге; перевод в легенде лишь отсылает к примечанию к другому рисунку. [схема: Гердекбашы, перевод «См. прим. к рис. 3, табл.»; сверка: book_reading gərdəkbaşı (ok)]",medium,"решено ИИ, ждёт подтверждения"
схема → понятие?,t75_f17 «Palıt» «Дуб» → palid «palıd» «Дуб»,"имя похоже (0.80), значение согласно",привязать,attach → palid,"Название схемы «Palıt» (Палыт) — то же слово, что «palıd» в книге, и перевод в легенде («Дуб») совпадает со значением понятия. [легенда t75_f17: Палыт = «Дуб»; сверка: book_reading palıd; kerimov_translation «Дуб»]",high,"решено ИИ, ждёт подтверждения"
схема → понятие?,t26_f04 «Xorumçek» «Паук» → horumchek «hörümçək» «паук»,"имя похоже (0.88), значение согласно",привязать,attach → horumchek,"Название схемы «Xorumçek» (Хорумчек) — то же слово, что «hörümçək» в книге, и перевод в легенде («Паук») совпадает со значением понятия. [легенда t26_f04: Хорумчек = «Паук»; сверка: book_reading hörümçək; kerimov_translation «Паук»]",high,"решено ИИ, ждёт подтверждения"
схема → понятие?,t139_f07 «Geysibişax» «Абрикос с веточкой Баку» → qeysibishah «qeysibişax» «абрикос с веточкой»,"имя похоже (1.00), значение согласно",привязать,attach → qeysibishah,"Название схемы «Geysibişax» (Гейсибишах) — то же слово, что «qeysibişax» в книге, и перевод в легенде («Абрикос с веточкой Баку») совпадает со значением понятия. [легенда t139_f07: Гейсибишах = «Абрикос с веточкой Баку»; сверка: book_reading qeysibişax; kerimov_translation «Абрикос с веточкой»]",high,"решено ИИ, ждёт подтверждения"
схема → понятие?,t55_f04 «Xeyvan» «Животное» → heyvan «heyvan» «Животное»,"имя похоже (0.83), значение согласно",привязать,attach → heyvan,"Название схемы «Xeyvan» (Хейван) — то же слово, что «heyvan» в книге, и перевод в легенде («Животное») совпадает со значением понятия. [легенда t55_f04: Хейван = «Животное»; сверка: book_reading heyvan; kerimov_translation «Животное»]",high,"решено ИИ, ждёт подтверждения"
схема → понятие?,t101_f05 «Ketebə» «Кетебә» → uzun-medalion «kətəbə» «Удлиненный медальон»,"имя похоже (1.00), значение не сверено",проверить,attach → uzun-medalion,"Название схемы «Ketebə» (Кетебә) — то же слово, что «kətəbə» в книге, и перевод в легенде («Кетебә») совпадает со значением понятия. [легенда t101_f05: Кетебә = «Кетебә»; сверка: book_reading kətəbə; kerimov_translation «Удлиненный медальон»]",high,"решено ИИ, ждёт подтверждения"
схема → понятие?,t56_f03 «Xeyvan» «Животное» → heyvan «heyvan» «Животное»,"имя похоже (0.83), значение согласно",привязать,attach → heyvan,"Название схемы «Xeyvan» (Хейван) — то же слово, что «heyvan» в книге, и перевод в легенде («Животное») совпадает со значением понятия. [легенда t56_f03: Хейван = «Животное»; сверка: book_reading heyvan; kerimov_translation «Животное»]",high,"решено ИИ, ждёт подтверждения"
схема → понятие?,t80_f06 «Şüküfa» «Расцветший бутон» → shukufe «şükufə» «Цветение / Бутон»,"имя похоже (0.83), значение согласно",привязать,attach → ichli-su,"Название схемы «İçli» (Ичли) — то же слово, что «içli su» в книге, и перевод в легенде («су Обведенная линия Встречается во всех») совпадает со значением понятия. [легенда t133_f02: Ичли = «су Обведенная линия Встречается во всех»; сверка: book_reading içli su; kerimov_translation «Обведенная линия»]",high,"решено ИИ, ждёт подтверждения"
схема → понятие?,t82_f09 «Palıt» «Дуб» → palid «palıd» «Дуб»,"имя похоже (0.80), значение согласно",привязать,attach → shukufe,"Название схемы «Şüküfa» (Шюкюфа) — то же слово, что «şükufə» в книге, и перевод в легенде («Расцветший бутон») совпадает со значением понятия. [легенда t80_f06: Шюкюфа = «Расцветший бутон»; сверка: book_reading şükufə; kerimov_translation «Расцветший бутон»]",high,"решено ИИ, ждёт подтверждения"
схема → понятие?,t75_f04 «Xamanqomançi» «Просвирняк» → gulxetmi «xamankomançı» «Просвирняк (растение)»,"имя похоже (0.92), значение согласно",привязать,attach → palid,"Название схемы «Palıt» (Палыт) — то же слово, что «palıd» в книге, и перевод в легенде («Дуб») совпадает со значением понятия. [легенда t82_f09: Палыт = «Дуб»; сверка: book_reading palıd; kerimov_translation «Дуб»]",high,"решено ИИ, ждёт подтверждения"
схема → понятие?,t167_f03 «Xeyvan» «Животное» → heyvan «heyvan» «Животное»,"имя похоже (0.83), значение согласно",привязать,attach → enli-su,"Название схемы «Enli» (Энли) — то же слово, что «enli su» в книге, и перевод в легенде («су Широкая линия Большею частью встречается в паласах и») совпадает со значением понятия. [легенда t133_f07: Энли = «су Широкая линия Большею частью встречается в паласах и»; сверка: book_reading enli su; kerimov_translation «Широкая линия»]",high,"решено ИИ, ждёт подтверждения"
схема → понятие?,t148_f01 «Ketebə» «хашийе Кайма-кетебә» → uzun-medalion «kətəbə» «Удлиненный медальон»,"имя похоже (1.00), значение не сверено",проверить,attach → gulxetmi,"Название схемы «Xamanqomançi» (Хаманкоманчи) — то же слово, что «xamankomançı» в книге, и перевод в легенде («Просвирняк») совпадает со значением понятия. [легенда t75_f04: Хаманкоманчи = «Просвирняк»; сверка: book_reading xamankomançı; kerimov_translation «Просвирняк»]",high,"решено ИИ, ждёт подтверждения"
схема → понятие?,t117_f01 «Qarpic» «Кирпич» → kerpich «kərpic» «кирпич»,"имя похоже (0.83), значение согласно",привязать,attach → heyvan,"Название схемы «Xeyvan» (Хейван) — то же слово, что «heyvan» в книге, и перевод в легенде («Животное») совпадает со значением понятия. [легенда t167_f03: Хейван = «Животное»; сверка: book_reading heyvan; kerimov_translation «Животное»]",high,"решено ИИ, ждёт подтверждения"
схема → понятие?,t151_f05 «Çakmaq» «Курок» → chaxmaq «çaxmaq» «Курок»,"имя похоже (0.83), значение согласно",привязать,attach → uzun-medalion,"Схема — «kətəbə haşiyə» (кайма-кетебе), то есть кетебе в кайме; основное слово совпадает с понятием «kətəbə». [легенда t148_f01: Кетебә хашийе = «Кайма-кетебә»; сверка: uzun medalion → book_reading kətəbə]",medium,"решено ИИ, ждёт подтверждения"
схема → понятие?,t79_f05 «Şüküfa» «Расцветший бутон» → shukufe «şükufə» «Цветение / Бутон»,"имя похоже (0.83), значение согласно",привязать,attach → kerpich,"Название схемы «Qarpic» (Карпидж) — то же слово, что «kərpic» в книге, и перевод в легенде («Кирпич») совпадает со значением понятия. [легенда t117_f01: Карпидж = «Кирпич»; сверка: book_reading kərpic; kerimov_translation «Кирпич»]",high,"решено ИИ, ждёт подтверждения"
схема → понятие?,t149_f03 «Qadimxeykel» «Старинная статуя» → qedimheykel «qədimheykəl» «Старинная статуя»,"имя похоже (0.82), значение согласно",привязать,attach → chaxmaq,"Название схемы «Çakmaq» (Чакмаг) — то же слово, что «çaxmaq» в книге, и перевод в легенде («Курок») совпадает со значением понятия. [легенда t151_f05: Чакмаг = «Курок»; сверка: book_reading çaxmaq; kerimov_translation «Курок»]",high,"решено ИИ, ждёт подтверждения"
схема → понятие?,t87_f04 «Zanbaqqül» «Касатик» → zenbek-gulu «zanbaq gülü» «цветок ириса»,"имя похоже (0.95), значение не сверено",проверить,attach → shukufe,"Название схемы «Şüküfa» (Шюкюфа) — то же слово, что «şükufə» в книге, и перевод в легенде («Расцветший бутон») совпадает со значением понятия. [легенда t79_f05: Шюкюфа = «Расцветший бутон»; сверка: book_reading şükufə; kerimov_translation «Расцветший бутон»]",high,"решено ИИ, ждёт подтверждения"
схема → понятие?,t135_f06 «Butaklı» «Веточка Зейва» → butali «butalı» «миндалевидный ислими»,"имя похоже (0.92), значение не сверено",проверить,attach → qedimheykel,"Название схемы «Qadimxeykel» (Гадимхейкел) — то же слово, что «qədimheykəl» в книге, и перевод в легенде («Старинная статуя») совпадает со значением понятия. [легенда t149_f03: Гадимхейкел = «Старинная статуя»; сверка: book_reading qədimheykəl; kerimov_translation «Старинная статуя»]",high,"решено ИИ, ждёт подтверждения"
схема → понятие?,t106_f04 «Yarnaq» «Лист» → yarpaq «yarpaq» «Лист»,"имя похоже (0.83), значение согласно",привязать,attach → zenbek-gulu,"Название схемы совпадает с чтением книги «zanbaq gülü»; «касатик» — это ирис, что согласуется со значением понятия «цветок ириса». [легенда t87_f04: Занбаггюль = «Касатик»; сверка: book_reading zanbaq gülü; kerimov_translation —]",high,"решено ИИ, ждёт подтверждения"
схема → понятие?,t168_f03 «Şebekenaşış» «Узор шебекэ» → shebekenaxish «şəbəkənaxış» «узор шебеке»,"имя похоже (0.91), значение согласно",привязать,separate,"В схеме «butaqlı/budaqlı» — «с веточкой», а понятие «butalı» — «миндалевидный ислими» (от «бута»). Слова и значения разные. [легенда t135_f06: Бутаклы = «Веточка»; сверка: butalı, kerimov_translation «миндалевидный ислими»; Керимов т. II рус., эл. с. 213: «Буталы — миндалевидный ислими»]",medium,"решено ИИ, ждёт подтверждения"
схема → понятие?,t77_f03 «Toyuğağtı» «Куриные ножки» → toyuq-ayaqlari «toyuqayaqtı» «куриные ножки»,"имя похоже (0.90), значение согласно",привязать,attach → yarpaq,"Название схемы «Yarnaq» (Ярнаг) — то же слово, что «yarpaq» в книге, и перевод в легенде («Лист») совпадает со значением понятия. [легенда t106_f04: Ярнаг = «Лист»; сверка: book_reading yarpaq; kerimov_translation «Лист», «Листочек»]",high,"решено ИИ, ждёт подтверждения"
схема → понятие?,t140_f06 «Geyçi» «Ножницы Куба» → qeychi «qeyçi» «ножницы»,"имя похоже (1.00), значение согласно",привязать,attach → shebekenaxish,"Название схемы «Şebekenaşış» (Шебекенашыш) — то же слово, что «şəbəkənaxış» в книге, и перевод в легенде («Узор шебекэ») совпадает со значением понятия. [легенда t168_f03: Шебекенашыш = «Узор шебекэ»; сверка: book_reading şəbəkənaxış; kerimov_translation «Узор шебеке»]",high,"решено ИИ, ждёт подтверждения"
схема → понятие?,t85_f01 «Palıt» «Дуб» → palid «palıd» «Дуб»,"имя похоже (0.80), значение согласно",привязать,attach → toyuq-ayaqlari,"Название схемы «Toyuğağtı» (Тоюгагты) — то же слово, что «toyuqayaqtı» в книге, и перевод в легенде («Куриные ножки») совпадает со значением понятия. [легенда t77_f03: Тоюгагты = «Куриные ножки»; сверка: book_reading toyuqayaqtı; kerimov_translation «Куриные ножки»]",high,"решено ИИ, ждёт подтверждения"
схема → понятие?,t48_f05 «Dordtoxmaq» «Четыре пики» → dordtomaq «dördtoxmaq» «четыре пики»,"имя похоже (1.00), значение согласно",привязать,attach → qeychi,"Название схемы «Geyçi» (Гейчи) — то же слово, что «qeyçi» в книге, и перевод в легенде («Ножницы Куба») совпадает со значением понятия. [легенда t140_f06: Гейчи = «Ножницы Куба»; сверка: book_reading qeyçi; kerimov_translation «Ножницы»]",high,"решено ИИ, ждёт подтверждения"
схема → понятие?,t112_f03 «Gəlincexizi» «Приданое невесты Кохня» → gelin-cehizi «gəlincehizi» «приданое невесты»,"имя похоже (0.91), значение согласно",привязать,attach → palid,"Название схемы «Palıt» (Палыт) — то же слово, что «palıd» в книге, и перевод в легенде («Дуб») совпадает со значением понятия. [легенда t85_f01: Палыт = «Дуб»; сверка: book_reading palıd; kerimov_translation «Дуб»]",high,"решено ИИ, ждёт подтверждения"
схема → понятие?,t76_f03 «Budağbaşı» «Верхушка ветки» → budaqbashi «budaqbaşı» «Верхушка ветки»,"имя похоже (1.00), значение согласно",привязать,attach → dordtomaq,"Название схемы «Dordtoxmaq» (Дордтохмаг) — то же слово, что «dördtoxmaq» в книге, и перевод в легенде («Четыре пики») совпадает со значением понятия. [легенда t48_f05: Дордтохмаг = «Четыре пики»; сверка: book_reading dördtoxmaq; kerimov_translation «Четыре пики», «четыре колотушки»]",high,"решено ИИ, ждёт подтверждения"
схема → понятие?,t152_f02 «Yuyruk» «Люлька» → ovruk «yüyrük» «Люлька»,"имя похоже (1.00), значение согласно",привязать,attach → gelin-cehizi,"Название схемы «Gəlincexizi» (Гялинджехизи) — то же слово, что «gəlincehizi» в книге, и перевод в легенде («Приданое невесты Кохня») совпадает со значением понятия. [легенда t112_f03: Гялинджехизи = «Приданое невесты Кохня»; сверка: book_reading gəlin cehizi, gəlincehizi; kerimov_translation «Приданое невесты», «приданое невесты»]",high,"решено ИИ, ждёт подтверждения"
схема → понятие?,t86_f03 «Nəpbekigül» «Цветочек-блюдечко» → nelbekigul «nəlbəkigül» «цветок-блюдечко»,"имя похоже (0.90), значение согласно",привязать,attach → budaqbashi,"Название схемы «Budağbaşı» (Будагбашы) — то же слово, что «budaqbaşı» в книге, и перевод в легенде («Верхушка ветки») совпадает со значением понятия. [легенда t76_f03: Будагбашы = «Верхушка ветки»; сверка: book_reading budaqbaşı; kerimov_translation «Верхушка ветки»]",high,"решено ИИ, ждёт подтверждения"
схема → понятие?,t133_f03 «Qoşauç» «Парные обведенные линии Баку» → qoshauc «qoşauc» «Парные обведенные линии»,"имя похоже (1.00), значение согласно",привязать,attach → ovruk,"Название схемы «Yuyruk» (Юйрук) — то же слово, что «yüyrük» в книге, и перевод в легенде («Люлька») совпадает со значением понятия. [легенда t152_f02: Юйрук = «Люлька»; сверка: book_reading yüyrük; kerimov_translation «Люлька», «люлька»]",high,"решено ИИ, ждёт подтверждения"
схема → понятие?,t82_f07 «Palıt» «Дуб» → palid «palıd» «Дуб»,"имя похоже (0.80), значение согласно",привязать,attach → nelbekigul,"Название схемы «Nəpbekigül» (Няпбекигюль) — то же слово, что «nəlbəkigül» в книге, и перевод в легенде («Цветочек-блюдечко») совпадает со значением понятия. [легенда t86_f03: Няпбекигюль = «Цветочек-блюдечко»; сверка: book_reading nəlbəkigül; kerimov_translation «Цветок-блюдечко», «Цветочек-блюдечко»]",high,"решено ИИ, ждёт подтверждения"
схема → понятие?,t93_f04 «Aqqül» «Белый цветок» → aggul «ağgül» «Белый цветок»,"имя похоже (1.00), значение согласно",привязать,attach → qoshauc,"Название схемы «Qoşauç» (Гошауч) — то же слово, что «qoşauc» в книге, и перевод в легенде («Парные обведенные линии Баку») совпадает со значением понятия. [легенда t133_f03: Гошауч = «Парные обведенные линии Баку»; сверка: book_reading qoşauc; kerimov_translation «Парные обведенные линии»]",high,"решено ИИ, ждёт подтверждения"
схема → понятие?,t134_f02 «Taxtamuja» «Деревянные ресницы Для всех азерб.» → taxtamuje «taxtamüjə» «Деревянные ресницы»,"имя похоже (0.89), значение согласно",привязать,attach → palid,"Название схемы «Palıt» (Палыт) — то же слово, что «palıd» в книге, и перевод в легенде («Дуб») совпадает со значением понятия. [легенда t82_f07: Палыт = «Дуб»; сверка: book_reading palıd; kerimov_translation «Дуб»]",high,"решено ИИ, ждёт подтверждения"
схема → понятие?,t133_f06 «Cut-qoşa» «сулар Парные двойные линии Баку» → cutqosha-su «Cütqoşa su» «Парная двойная вода»,"имя похоже (0.88), значение согласно",привязать,attach → aggul,"Название схемы «Aqqül» (Аггюль) — то же слово, что «ağgül» в книге, и перевод в легенде («Белый цветок») совпадает со значением понятия. [легенда t93_f04: Аггюль = «Белый цветок»; сверка: book_reading ağgül; kerimov_translation «Белый цветок»]",high,"решено ИИ, ждёт подтверждения"
схема → понятие?,t150_f03 «Xoruk-buruq» «Кудрявые косы» → xorukburuq «xoruzbuğu» «—»,"имя похоже (1.00), значение не сверено",проверить,attach → taxtamuje,"Название схемы «Taxtamuja» (Тахтамужа) — то же слово, что «taxtamüjə» в книге, и перевод в легенде («Деревянные ресницы Для всех азерб.») совпадает со значением понятия. [легенда t134_f02: Тахтамужа = «Деревянные ресницы Для всех азерб.»; сверка: book_reading taxtamüjə; kerimov_translation «Деревянные ресницы»]",high,"решено ИИ, ждёт подтверждения"
схема → понятие?,t49_f03 «Qıynaq» «Коготь» → qiynaq «ğıynaq» «Клык»,"имя похоже (1.00), значение не сверено",проверить,attach → cutqosha-su,"Название «cüt-qoşa sular» и перевод «парные двойные линии» совпадают с понятием «Cütqoşa su» (парная двойная «вода»-линия), но сверки с книгой у понятия нет — только Гусейнов. [легенда t133_f06: Джут-гоша сулар = «Парные двойные линии»; понятие: только Hüseynov 2012, s. 88]",medium,"решено ИИ, ждёт подтверждения"
схема → понятие?,t48_f06 «Quyrum» «Завиток» → quyruq «qüyrum» «хвост»,"имя похоже (1.00), значение согласно",привязать,attach → xorukburuq,"Керимов во II томе прямо называет кайму из т. I, табл. 150, рис. 3 «хорук-буруг» — это и есть эта схема. Чтение «xoruzbuğu» в сверке стоит перепроверить. [Керимов т. II рус., эл. с. 173: «серединная кайма «хорук-буруг», свойственная ширванским коврам (том 1, табл. 150, рис. 3)»; Керимов т. II рус., эл. с. 130: «хорук-бурук» (сплетенная — завитая); сверка: book_reading xoruzbuğu (подозрительно, проверить т. II, с. 191)]",high,"решено ИИ, ждёт подтверждения"
схема → понятие?,t138_f06 «Bilarzik» «Браслет Кохна Куба» → bilerzik «bilərzik» «браслет»,"имя похоже (0.88), значение согласно",привязать,attach → qiynaq,"Название схемы «Гыйнаг» совпадает с чтением книги «ğıynaq». Значение «Клык» у понятия машинное; верный перевод Керимова — «Коготь» из легенды, его стоит записать в понятие. [легенда t49_f03: Гыйнаг = «Коготь»; сверка: book_reading ğıynaq; kerimov_translation —]",high,"решено ИИ, ждёт подтверждения"
схема → понятие?,t85_f10 «Yarnaq» «Лист» → yarpaq «yarpaq» «Лист»,"имя похоже (0.83), значение согласно",привязать,attach → quyruq,"Название схемы «Quyrum» (Гуйрум) — то же слово, что «qüyrum» в книге, и перевод в легенде («Завиток») совпадает со значением понятия. [легенда t48_f06: Гуйрум = «Завиток»; сверка: book_reading qüyrum; kerimov_translation «завиток (гыврым), ганджа-казахский диалект»]",high,"решено ИИ, ждёт подтверждения"
схема → понятие?,t166_f09 «Boşğab» «—» → boshqab-2 «boşqab» «тарелка»,"имя похоже (1.00), значение не сверено",проверить,attach → bilerzik,"Название схемы «Bilarzik» (Биларзик) — то же слово, что «bilərzik» в книге, и перевод в легенде («Браслет Кохна Куба») совпадает со значением понятия. [легенда t138_f06: Биларзик = «Браслет Кохна Куба»; сверка: book_reading bilərzik; kerimov_translation «Браслет»]",high,"решено ИИ, ждёт подтверждения"
схема → понятие?,t85_f08 «Quşappeyi» «Пастушья сумка» → qushqezeyi «quşəppəyi» «Пастушья сумка (растение)»,"имя похоже (0.89), значение согласно",привязать,attach → yarpaq,"Название схемы «Yarnaq» (Ярнаг) — то же слово, что «yarpaq» в книге, и перевод в легенде («Лист») совпадает со значением понятия. [легенда t85_f10: Ярнаг = «Лист»; сверка: book_reading yarpaq; kerimov_translation «Лист», «Листочек»]",high,"решено ИИ, ждёт подтверждения"
схема → понятие?,t75_f15 «Maxmarigül» «Бархатный цветок» → mexmerikul «məxmərigül» «бархатный цветок»,"имя похоже (0.80), значение согласно",привязать,attach → boshqab-2,"Название схемы «Бошгаб» совпадает с понятием «boşqab» (тарелка); перевода в легенде нет. [легенда t166_f09: Бошгаб, перевод «—»; сверка: boşqab, kerimov_translation «Тарелка» (ok)]",medium,"решено ИИ, ждёт подтверждения"
схема → понятие?,t86_f04 «Nəpbekigül» «Цветочек-блюдечко» → nelbekigul «nəlbəkigül» «цветок-блюдечко»,"имя похоже (0.90), значение согласно",привязать,attach → qushqezeyi,"Название схемы «Quşappeyi» (Гушаппейи) — то же слово, что «quşəppəyi» в книге, и перевод в легенде («Пастушья сумка») совпадает со значением понятия. [легенда t85_f08: Гушаппейи = «Пастушья сумка»; сверка: book_reading quşəppəyi; kerimov_translation «Пастушья сумка»]",high,"решено ИИ, ждёт подтверждения"
схема → понятие?,t43_f05 «Cutbuynuz» «Рога» → cutbuynuz «cütbuynuz» «парный рог»,"имя похоже (1.00), значение согласно",привязать,attach → mexmerikul,"Название схемы «Maxmarigül» (Махмаригюль) — то же слово, что «məxmərigül» в книге, и перевод в легенде («Бархатный цветок») совпадает со значением понятия. [легенда t75_f15: Махмаригюль = «Бархатный цветок»; сверка: book_reading məxmərigül; kerimov_translation «Бархатный цветок»]",high,"решено ИИ, ждёт подтверждения"
схема → понятие?,t101_f03 «Qarmaxlı» «кетебә Кетебә крючкообразный» → qarmaqli «qarmaqlı» «крючкообразные»,"имя похоже (1.00), значение согласно",привязать,attach → nelbekigul,"Название схемы «Nəpbekigül» (Няпбекигюль) — то же слово, что «nəlbəkigül» в книге, и перевод в легенде («Цветочек-блюдечко») совпадает со значением понятия. [легенда t86_f04: Няпбекигюль = «Цветочек-блюдечко»; сверка: book_reading nəlbəkigül; kerimov_translation «Цветок-блюдечко», «Цветочек-блюдечко»]",high,"решено ИИ, ждёт подтверждения"
схема → понятие?,t104_f04 «Geyçi» «Ножницы» → qeychi «qeyçi» «ножницы»,"имя похоже (1.00), значение согласно",привязать,attach → cutbuynuz,"Название схемы «Cutbuynuz» (Джутбуйнуз) — то же слово, что «cütbuynuz» в книге, и перевод в легенде («Рога») совпадает со значением понятия. [легенда t43_f05: Джутбуйнуз = «Рога»; сверка: book_reading cütbuynuz; kerimov_translation «Рога»]",high,"решено ИИ, ждёт подтверждения"
схема → понятие?,t135_f05 «Xamanqomançi» «Просвирняк» → gulxetmi «xamankomançı» «Просвирняк (растение)»,"имя похоже (0.92), значение согласно",привязать,unsure,"Схема — «qarmaqlı kətəbə», то есть разновидность кетебе. Неясно, привязывать ли её к общему понятию «qarmaqlı» (крючкообразный) или к «kətəbə»/отдельному понятию «крючкообразная кетебе». Нужно решить по модели; проверить т. I, табл. 101 и легенду. [легенда t101_f03: Гармахлы кетебә = «Кетебә крючкообразный»; «В Казахе называют «извилистый кетебә»»; понятие qarmaqli: общий признак «крючкообразные» (14 ok)]",low,открыт
схема → понятие?,t77_f02 «Toyuğağtı» «Куриные ножки» → toyuq-ayaqlari «toyuqayaqtı» «куриные ножки»,"имя похоже (0.90), значение согласно",привязать,attach → qeychi,"Название схемы «Geyçi» (Гейчи) — то же слово, что «qeyçi» в книге, и перевод в легенде («Ножницы») совпадает со значением понятия. [легенда t104_f04: Гейчи = «Ножницы»; сверка: book_reading qeyçi; kerimov_translation «Ножницы»]",high,"решено ИИ, ждёт подтверждения"
схема → понятие?,t134_f01 «Cucuozu» «Глаз цыпленка Ширван и Куба» → cuce-gozu «cücəgözü» «Глаз цыпленка»,"имя похоже (0.80), значение согласно",привязать,attach → gulxetmi,"Название схемы «Xamanqomançi» (Хаманкоманчи) — то же слово, что «xamankomançı» в книге, и перевод в легенде («Просвирняк») совпадает со значением понятия. [легенда t135_f05: Хаманкоманчи = «Просвирняк»; сверка: book_reading xamankomançı; kerimov_translation «Просвирняк»]",high,"решено ИИ, ждёт подтверждения"
схема → понятие?,t56_f05 «Puşğu» «Ручная пила» → pushqu «puşqu» «Ручная пила»,"имя похоже (1.00), значение согласно",привязать,attach → toyuq-ayaqlari,"Название схемы «Toyuğağtı» (Тоюгагты) — то же слово, что «toyuqayaqtı» в книге, и перевод в легенде («Куриные ножки») совпадает со значением понятия. [легенда t77_f02: Тоюгагты = «Куриные ножки»; сверка: book_reading toyuqayaqtı; kerimov_translation «Куриные ножки»]",high,"решено ИИ, ждёт подтверждения"
схема → понятие?,t135_f03 «Qoşağıynaq» «Парные когти Баку» → medxil-2 «qoşaqıynaq» «Парные когти»,"имя похоже (1.00), значение согласно",привязать,attach → cuce-gozu,"Название схемы «Cucuozu» (Джуджуозу) — то же слово, что «cücəgözü» в книге, и перевод в легенде («Глаз цыпленка Ширван и Куба») совпадает со значением понятия. [легенда t134_f01: Джуджуозу = «Глаз цыпленка Ширван и Куба»; сверка: book_reading cücəgözü; kerimov_translation «Глаз цыпленка»]",high,"решено ИИ, ждёт подтверждения"
схема → понятие?,t102_f01 «Balaketebə» «Малая кетебә» → balaketebe «balakətəbə» «малая кетебе»,"имя похоже (1.00), значение согласно",привязать,attach → pushqu,"Название схемы «Puşğu» (Пушгу) — то же слово, что «puşqu» в книге, и перевод в легенде («Ручная пила») совпадает со значением понятия. [легенда t56_f05: Пушгу = «Ручная пила»; сверка: book_reading puşqu; kerimov_translation «Ручная пила»]",high,"решено ИИ, ждёт подтверждения"
схема → понятие?,t138_f08 «Ketebə» «Кетебә» → uzun-medalion «kətəbə» «Удлиненный медальон»,"имя похоже (1.00), значение не сверено",проверить,attach → medxil-2,"Название схемы «Qoşağıynaq» (Гошагыйнаг) — то же слово, что «qoşaqıynaq» в книге, и перевод в легенде («Парные когти Баку») совпадает со значением понятия. [легенда t135_f03: Гошагыйнаг = «Парные когти Баку»; сверка: book_reading qoşaqıynaq; kerimov_translation «Парные когти»]",high,"решено ИИ, ждёт подтверждения"
схема → понятие?,t19_f14 «Quvan» «?» → quvan-2 «kuvan» «караван («карван»)»,"имя похоже (1.00), значение не сверено",проверить,attach → balaketebe,"Название схемы «Balaketebə» (Балакетебә) — то же слово, что «balakətəbə» в книге, и перевод в легенде («Малая кетебә») совпадает со значением понятия. [легенда t102_f01: Балакетебә = «Малая кетебә»; сверка: book_reading balakətəbə; kerimov_translation «Малая кетебә»]",high,"решено ИИ, ждёт подтверждения"
схема → понятие?,t75_f01 «Geysi» «Абрикос» → qaysi «qeysi» «Абрикос»,"имя похоже (1.00), значение согласно",привязать,attach → uzun-medalion,"Название схемы «Ketebə» (Кетебә) — то же слово, что «kətəbə» в книге, и перевод в легенде («Кетебә») совпадает со значением понятия. [легенда t138_f08: Кетебә = «Кетебә»; сверка: book_reading kətəbə; kerimov_translation «Удлиненный медальон»]",high,"решено ИИ, ждёт подтверждения"
схема → понятие?,t56_f04 «Dişli» «пере ?» → dilik «dilik» «Зубчатый»,"имя похоже (1.00), значение не сверено",проверить,attach → quvan-2,"Название схемы «Quvan» (Куван) — то же слово, что «kuvan» в книге, и перевод в легенде («?») совпадает со значением понятия. [легенда t19_f14: Куван = «?»; сверка: book_reading kuvan; kerimov_translation «караван («карван»)»]",high,"решено ИИ, ждёт подтверждения"
схема → понятие?,"t167_f02 «Qıvrım» «Завиток Гянджа,» → sarmashiq «qıvrım» «вьющийся»","имя похоже (1.00), значение не сверено",проверить,attach → qaysi,Название схемы «Гейси» совпадает с чтением книги «qeysi»; перевод в легенде «Абрикос» совпадает со значением понятия. [легенда t75_f01: Гейси = «Абрикос»; сверка: book_reading qeysi; kerimov_translation —],high,"решено ИИ, ждёт подтверждения"
схема → понятие?,t133_f10 «Kesmesu» «Пунктирная линия Казах-Карабах Кар. Больше встречается в безворсных» → kesme-su «kəsmə su» «пунктирная линия»,"имя похоже (1.00), значение согласно",привязать,unsure,"В книге у схемы стоит «Дишли» («зубчатый»), а понятие названо «dilik» (по сверке слово на сайте «dişli» было на деле «dilik»). Это разные слова; перевод схемы не прочитан («пере ?»). Проверить легенду т. I, табл. 56, рис. 4 по скану. [легенда t56_f04: Дишли, перевод «пере ?»; сверка: dişli → book_reading dilik (wrong_name ×3); dilik kerimov_translation «Зубчатый»]",low,открыт
схема → понятие?,t101_f01 «Balaketebə» «Малая кетебә» → balaketebe «balakətəbə» «малая кетебе»,"имя похоже (1.00), значение согласно",привязать,attach → sarmashiq,"Название схемы «Qıvrım» (Гыврым) — то же слово, что «qıvrım» в книге, и перевод в легенде («Завиток Гянджа,») совпадает со значением понятия. [легенда t167_f02: Гыврым = «Завиток Гянджа,»; сверка: book_reading qıvrım; kerimov_translation «вьющийся»]",high,"решено ИИ, ждёт подтверждения"
схема → понятие?,"t101_f06 «Ketebə» «Кетебә Фахралы Г.—К Иногда называют «гяламданы кетебә», что означает —» → uzun-medalion «kətəbə» «Удлиненный медальон»","имя похоже (1.00), значение не сверено",проверить,attach → kesme-su,"Название схемы «Kesmesu» (Кесмесу) — то же слово, что «kəsmə su» в книге, и перевод в легенде («Пунктирная линия Казах-Карабах Кар. Больше встречается в безворсных») совпадает со значением понятия. [легенда t133_f10: Кесмесу = «Пунктирная линия Казах-Карабах Кар. Больше встречается в безворсных»; сверка: book_reading kəsmə su, kəsməsu; kerimov_translation «Пунктирная линия»]",high,"решено ИИ, ждёт подтверждения"
схема → понятие?,t117_f03 «Dırnax» «Ноготь» → dirnaqli «dırnaqlı» «Коготь»,"имя похоже (1.00), значение не сверено",проверить,attach → balaketebe,"Название схемы «Balaketebə» (Балакетебә) — то же слово, что «balakətəbə» в книге, и перевод в легенде («Малая кетебә») совпадает со значением понятия. [легенда t101_f01: Балакетебә = «Малая кетебә»; сверка: book_reading balakətəbə; kerimov_translation «Малая кетебә»]",high,"решено ИИ, ждёт подтверждения"
схема → понятие?,t152_f01 «Yuyruk» «Люлька» → ovruk «yüyrük» «Люлька»,"имя похоже (1.00), значение согласно",привязать,attach → uzun-medalion,"Название схемы «Ketebə» (Кетебә) — то же слово, что «kətəbə» в книге, и перевод в легенде («Кетебә Фахралы Г.—К Иногда называют «гяламданы кетебә», что означает —») совпадает со значением понятия. [легенда t101_f06: Кетебә = «Кетебә Фахралы Г.—К Иногда называют «гяламданы кетебә», что означает —»; сверка: book_reading kətəbə; kerimov_translation «Удлиненный медальон»]",high,"решено ИИ, ждёт подтверждения"
схема → понятие?,t157_f01 «Xeyvan» «Животное» → heyvan «heyvan» «Животное»,"имя похоже (0.83), значение согласно",привязать,attach → dirnaqli,«Dırnaq» (ноготь/коготь) — основа понятия «dırnaqlı»; в понятии уже есть запись «dırnaq» с переводом Керимова «Коготь». [легенда t117_f03: Дырнах = «Ноготь»; сверка: dirnaq-2 kerimov_translation «Коготь»],medium,"решено ИИ, ждёт подтверждения"
схема → понятие?,t124_f02 «Lapir» «След» → lepir «ləpir» «след (лапы)»,"имя похоже (0.80), значение согласно",привязать,attach → ovruk,"Название схемы «Yuyruk» (Юйрук) — то же слово, что «yüyrük» в книге, и перевод в легенде («Люлька») совпадает со значением понятия. [легенда t152_f01: Юйрук = «Люлька»; сверка: book_reading yüyrük; kerimov_translation «Люлька», «люлька»]",high,"решено ИИ, ждёт подтверждения"
схема → понятие?,t90_f03 «Bibar» «Перец» → biber «istiot» «перец»,"имя похоже (0.80), значение согласно",привязать,attach → heyvan,"Название схемы «Xeyvan» (Хейван) — то же слово, что «heyvan» в книге, и перевод в легенде («Животное») совпадает со значением понятия. [легенда t157_f01: Хейван = «Животное»; сверка: book_reading heyvan; kerimov_translation «Животное»]",high,"решено ИИ, ждёт подтверждения"
схема → понятие?,t26_f06 «Qırxaaq» «Сороконожка» → qirxayaq «qırxayaq» «Сороконожка»,"имя похоже (0.93), значение согласно",привязать,attach → lepir,"Название схемы «Lapir» (Лапир) — то же слово, что «ləpir» в книге, и перевод в легенде («След») совпадает со значением понятия. [легенда t124_f02: Лапир = «След»; сверка: book_reading ləpir; kerimov_translation «След»]",high,"решено ИИ, ждёт подтверждения"
схема → понятие?,t157_f02 «Qıynagi» «Коготь» → qiynagi-2 «ğıynağı» «—»,"имя похоже (1.00), значение не сверено",проверить,attach → biber,"Схема «Бибар» — «Перец», понятие — перец с тем же переводом Керимова. Но по сверке в книге у понятия стоит «istiot»; стоит добавить «bibər» как название из таблицы. [легенда t90_f03: Бибар = «Перец»; сверка: bibər → book_reading istiot, kerimov_translation «Перец»]",medium,"решено ИИ, ждёт подтверждения"
схема → понятие?,t55_f05 «Qıvrım» «Завиток» → sarmashiq «qıvrım» «вьющийся»,"имя похоже (1.00), значение не сверено",проверить,attach → qirxayaq,"Название схемы «Qırxaaq» (Гырхааг) — то же слово, что «qırxayaq» в книге, и перевод в легенде («Сороконожка») совпадает со значением понятия. [легенда t26_f06: Гырхааг = «Сороконожка»; сверка: book_reading qırxayaq; kerimov_translation «Сороконожка»]",high,"решено ИИ, ждёт подтверждения"
схема → понятие?,t102_f02 «Ketebə» «Кетебә» → uzun-medalion «kətəbə» «Удлиненный медальон»,"имя похоже (1.00), значение не сверено",проверить,attach → qiynagi-2,"Название схемы «Гыйнаги» совпадает с чтением книги «ğıynağı»; перевод из легенды «Коготь» стоит записать в понятие. Возможно, понятие стоит слить с «ğıynaq» (п. 272) — проверить. [легенда t157_f02: Гыйнаги = «Коготь»; сверка: book_reading ğıynağı; kerimov_translation —]",high,"решено ИИ, ждёт подтверждения"
схема → понятие?,t139_f01 «Sermə» «Узор Шихлы» → serme «sərmə» «покрытие»,"имя похоже (1.00), значение не сверено",проверить,attach → sarmashiq,"Название схемы «Qıvrım» (Гыврым) — то же слово, что «qıvrım» в книге, и перевод в легенде («Завиток») совпадает со значением понятия. [легенда t55_f05: Гыврым = «Завиток»; сверка: book_reading qıvrım; kerimov_translation «вьющийся»]",high,"решено ИИ, ждёт подтверждения"
схема → понятие?,t88_f03 «Zanbaqqülü» «Касатик» → zenbek-gulu «zanbaq gülü» «цветок ириса»,"имя похоже (1.00), значение не сверено",проверить,attach → uzun-medalion,"Название схемы «Ketebə» (Кетебә) — то же слово, что «kətəbə» в книге, и перевод в легенде («Кетебә») совпадает со значением понятия. [легенда t102_f02: Кетебә = «Кетебә»; сверка: book_reading kətəbə; kerimov_translation «Удлиненный медальон»]",high,"решено ИИ, ждёт подтверждения"
схема → понятие?,t123_f02 «Geliçi» «Внутримедальонный элемент» → qelichi «göliçi» «внутри золы»,"имя похоже (0.83), значение согласно",привязать,attach → serme,"Название схемы «Sermə» (Сермә) — то же слово, что «sərmə» в книге, и перевод в легенде («Узор Шихлы») совпадает со значением понятия. [легенда t139_f01: Сермә = «Узор Шихлы»; сверка: book_reading sərmə; kerimov_translation «Орнаментальный мотив»]",high,"решено ИИ, ждёт подтверждения"
схема → понятие?,t75_f03 «Xamanqomançi» «Просвирняк» → gulxetmi «xamankomançı» «Просвирняк (растение)»,"имя похоже (0.92), значение согласно",привязать,attach → zenbek-gulu,"Название схемы совпадает с чтением книги «zanbaq gülü»; «касатик» — это ирис, что согласуется со значением понятия «цветок ириса». [легенда t88_f03: Занбаггюлю = «Касатик»; сверка: book_reading zanbaq gülü; kerimov_translation —]",high,"решено ИИ, ждёт подтверждения"
схема → понятие?,t138_f03 «Dolamaqıynak» «Кривой коготь Баку» → dolamaqiynaq «dolamaqıynaq» «Кривой коготь»,"имя похоже (0.92), значение согласно",привязать,attach → qelichi,"Название схемы «Geliçi» (Геличи) — то же слово, что «göliçi» в книге, и перевод в легенде («Внутримедальонный элемент») совпадает со значением понятия. [легенда t123_f02: Геличи = «Внутримедальонный элемент»; сверка: book_reading göl içi, göliçi; kerimov_translation «Внутримедальонный элемент», «внутренность гёля»]",high,"решено ИИ, ждёт подтверждения"
схема → понятие?,"t62_f02 «Qamandar» «Человек, хранящий лук и стрелы» → kamandar «kamandar» «хранитель лука и стрел»","имя похоже (0.88), значение согласно",привязать,attach → gulxetmi,"Название схемы «Xamanqomançi» (Хаманкоманчи) — то же слово, что «xamankomançı» в книге, и перевод в легенде («Просвирняк») совпадает со значением понятия. [легенда t75_f03: Хаманкоманчи = «Просвирняк»; сверка: book_reading xamankomançı; kerimov_translation «Просвирняк»]",high,"решено ИИ, ждёт подтверждения"
схема → понятие?,t150_f05 «İkiğuşlu» «Парная птица» → ikiqushlu «iki quşlu» «С двумя птицами»,"имя похоже (1.00), значение согласно",привязать,attach → dolamaqiynaq,"Название схемы «Dolamaqıynak» (Доламакыйнак) — то же слово, что «dolamaqıynaq» в книге, и перевод в легенде («Кривой коготь Баку») совпадает со значением понятия. [легенда t138_f03: Доламакыйнак = «Кривой коготь Баку»; сверка: book_reading dolamaqıynaq; kerimov_translation «Кривой коготь»]",high,"решено ИИ, ждёт подтверждения"
схема → понятие?,t150_f01 «Meşəl» «Факел» → meshel «məşəl» «Факел»,"имя похоже (1.00), значение согласно",привязать,attach → kamandar,"Название схемы «Qamandar» (Камандар) — то же слово, что «kamandar» в книге, и перевод в легенде («Человек, хранящий лук и стрелы») совпадает со значением понятия. [легенда t62_f02: Камандар = «Человек, хранящий лук и стрелы»; сверка: book_reading kamandar; kerimov_translation «Человек, хранящий лук и стрелы»]",high,"решено ИИ, ждёт подтверждения"
схема → понятие?,t80_f05 «Nəlkekigül» «Цветок-блюдечко» → nelbekigul «nəlbəkigül» «цветок-блюдечко»,"имя похоже (0.90), значение согласно",привязать,attach → ikiqushlu,"Название схемы «İkiğuşlu» (Икигушлу) — то же слово, что «iki quşlu» в книге, и перевод в легенде («Парная птица») совпадает со значением понятия. [легенда t150_f05: Икигушлу = «Парная птица»; сверка: book_reading iki quşlu; kerimov_translation «Парная птица»]",high,"решено ИИ, ждёт подтверждения"
схема → понятие?,t101_f02 «Balaketebə» «Малая кетебә» → balaketebe «balakətəbə» «малая кетебе»,"имя похоже (1.00), значение согласно",привязать,attach → meshel,"Название схемы «Meşəl» (Мешәл) — то же слово, что «məşəl» в книге, и перевод в легенде («Факел») совпадает со значением понятия. [легенда t150_f01: Мешәл = «Факел»; сверка: book_reading məşəl; kerimov_translation «Факел», «факел»]",high,"решено ИИ, ждёт подтверждения"
схема → понятие?,t108_f03 «Gülbutaq» «Веточка с цветком» → gulbutag «gülbudaq» «цветок-бута»,"имя похоже (1.00), значение согласно",привязать,attach → nelbekigul,"Название схемы «Nəlkekigül» (Нялкекигюль) — то же слово, что «nəlbəkigül» в книге, и перевод в легенде («Цветок-блюдечко») совпадает со значением понятия. [легенда t80_f05: Нялкекигюль = «Цветок-блюдечко»; сверка: book_reading nəlbəkigül; kerimov_translation «Цветок-блюдечко», «Цветочек-блюдечко»]",high,"решено ИИ, ждёт подтверждения"
схема → понятие?,t107_f04 «Meşayarnağı» «Лесное растение Гянджа и» → mesheyarpagi «meşəyarpağı» «Лесной лист»,"имя похоже (0.82), значение согласно",привязать,attach → balaketebe,"Название схемы «Balaketebə» (Балакетебә) — то же слово, что «balakətəbə» в книге, и перевод в легенде («Малая кетебә») совпадает со значением понятия. [легенда t101_f02: Балакетебә = «Малая кетебә»; сверка: book_reading balakətəbə; kerimov_translation «Малая кетебә»]",high,"решено ИИ, ждёт подтверждения"
схема → понятие?,t77_f10 «Meşagülü» «Лесной цветок» → meshe-gulu «meşə gülü» «лесной цветок»,"имя похоже (0.88), значение согласно",привязать,attach → gulbutag,"Название схемы «Gülbutaq» (Гюльбутаг) — то же слово, что «gülbudaq» в книге, и перевод в легенде («Веточка с цветком») совпадает со значением понятия. [легенда t108_f03: Гюльбутаг = «Веточка с цветком»; сверка: book_reading gülbudaq; kerimov_translation «Веточка с цветком», «цветочная ветка»]",high,"решено ИИ, ждёт подтверждения"
схема → понятие?,t86_f05 «Tiqanlı» «Колючковатый» → tikanli «tikanlı» «колючий»,"имя похоже (0.86), значение согласно",привязать,attach → mesheyarpagi,"Название схемы «Meşayarnağı» (Мешаярнагы) — то же слово, что «meşəyarpağı» в книге, и перевод в легенде («Лесное растение Гянджа и») совпадает со значением понятия. [легенда t107_f04: Мешаярнагы = «Лесное растение Гянджа и»; сверка: book_reading meşəyarpağı; kerimov_translation «Лесное растение»]",high,"решено ИИ, ждёт подтверждения"
схема → понятие?,t55_f02 «Qıvrım» «Завиток» → sarmashiq «qıvrım» «вьющийся»,"имя похоже (1.00), значение не сверено",проверить,attach → meshe-gulu,"Название схемы «Meşagülü» (Мешагюлю) — то же слово, что «meşə gülü» в книге, и перевод в легенде («Лесной цветок») совпадает со значением понятия. [легенда t77_f10: Мешагюлю = «Лесной цветок»; сверка: book_reading meşə gülü, meşəgülü; kerimov_translation «Лесной цветок», «лесной цветок»]",high,"решено ИИ, ждёт подтверждения"
схема → понятие?,t149_f02 «Şanaqotan» «Вилы-плуг» → shanakotan «şanakotan» «Вилы-плуг»,"имя похоже (0.89), значение согласно",привязать,attach → tikanli,"Название схемы «Tiqanlı» (Тиканлы) — то же слово, что «tikanlı» в книге, и перевод в легенде («Колючковатый») совпадает со значением понятия. [легенда t86_f05: Тиканлы = «Колючковатый»; сверка: book_reading tikanlı; kerimov_translation «Колючковатый»]",high,"решено ИИ, ждёт подтверждения"
